id,url,title,num_pages,type_of_resource,genre_authority,language,date_captured,place_of_publication,subject_geographic,subject_topic,publisher_name,collection,volume,genre,date_published,owner
040428be-8b21-4de1-9b1e-3421068c0f1c/cl000000/20140507/00000021,https://rescarta.lapl.org/ResCarta-Web/jsp/RcWebImageViewer.jsp?doc_id=040428be-8b21-4de1-9b1e-3421068c0f1c/cl000000/20140507/00000021,Los Angeles City Directory 1875,180,text,marcgt,eng,2014-05-07,"Los Angeles, CA",Country: USA State: CA County: Los Angeles City: Los Angeles,,Mirror Book and Job Printing House,Historic City and Business & Phone Directories,1875,directory,1875,Los Angeles Public Library
040428be-8b21-4de1-9b1e-3421068c0f1c/cl000000/20161202/00000006,https://rescarta.lapl.org/ResCarta-Web/jsp/RcWebImageViewer.jsp?doc_id=040428be-8b21-4de1-9b1e-3421068c0f1c/cl000000/20161202/00000006,Los Angeles City Directory 1905,2405,text,marcgt,eng,2016-12-02,"Los Angeles, CA",Country: USA State: CA County: Los Angeles City: Los Angeles,,Los Angeles City Directory Co.,Historic City and Business & Phone Directories,1905,directory,1905,Los Angeles Public Library
040428be-8b21-4de1-9b1e-3421068c0f1c/cl000000/20161202/00000007,https://rescarta.lapl.org/ResCarta-Web/jsp/RcWebImageViewer.jsp?doc_id=040428be-8b21-4de1-9b1e-3421068c0f1c/cl000000/20161202/00000007,Southern California Directory 1875,559,text,marcgt,eng,2016-12-02,"San Francisco, CA",Country: USA State: CA County: Los Angeles City: Los Angeles,,L. L. Paulson,Historic City and Business & Phone Directories,1875,directory,1875,Los Angeles Public Library
040428be-8b21-4de1-9b1e-3421068c0f1c/cl000000/20160509/00000001,https://rescarta.lapl.org/ResCarta-Web/jsp/RcWebImageViewer.jsp?doc_id=040428be-8b21-4de1-9b1e-3421068c0f1c/cl000000/20160509/00000001,Los Angeles City Directory (Atwood) 1883-1884,356,text,marcgt,eng,2016-05-09,,Country: USA State: CA County: Los Angeles City: Los Angeles,,Atwood & Ferguson,Historic City and Business & Phone Directories,1883-1884,directory,1883/1884,Los Angeles Public Library
040428be-8b21-4de1-9b1e-3421068c0f1c/cl000000/20160509/00000005,https://rescarta.lapl.org/ResCarta-Web/jsp/RcWebImageViewer.jsp?doc_id=040428be-8b21-4de1-9b1e-3421068c0f1c/cl000000/20160509/00000005,Los Angeles City Directory 1890,914,text,marcgt,eng,2016-05-09,,Country: USA State: CA County: Los Angeles City: Los Angeles,,H. L. Corran Publisher and Printer,Historic City and Business & Phone Directories,1890,directory,1890,Los Angeles Public Library
040428be-8b21-4de1-9b1e-3421068c0f1c/cl000000/20150518/00000004,https://rescarta.lapl.org/ResCarta-Web/jsp/RcWebImageViewer.jsp?doc_id=040428be-8b21-4de1-9b1e-3421068c0f1c/cl000000/20150518/00000004,Los Angeles City Directory 1896,138,text,marcgt,eng,2015-05-18,,Country: USA State: CA County: Los Angeles City: Los Angeles,,Mercantile Guide Company,Historic City and Business & Phone Directories,1896,directory,1896,Los Angeles Public Library
040428be-8b21-4de1-9b1e-3421068c0f1c/cl000000/20140507/00000026,https://rescarta.lapl.org/ResCarta-Web/jsp/RcWebImageViewer.jsp?doc_id=040428be-8b21-4de1-9b1e-3421068c0f1c/cl000000/20140507/00000026,Hollywood City Directory 1906,112,text,marcgt,eng,2014-05-07,"Los Angeles, CA",Country: USA State: CA County: Los Angeles City: Los Angeles,,Baumg Ardt Publishing Co.,Historic City and Business & Phone Directories,1906,directory,1905,Los Angeles Public Library
040428be-8b21-4de1-9b1e-3421068c0f1c/cl000000/20170519/00000001,https://rescarta.lapl.org/ResCarta-Web/jsp/RcWebImageViewer.jsp?doc_id=040428be-8b21-4de1-9b1e-3421068c0f1c/cl000000/20170519/00000001,Los Angeles City Directory 1904,2190,text,marcgt,eng,2017-05-19,"Los Angeles, CA",Country: USA State: CA County: Los Angeles City: Los Angeles,,General Directory Publisher,Historic City and Business & Phone Directories,1904,directory,1904,Los Angeles Public Library
040428be-8b21-4de1-9b1e-3421068c0f1c/cl000000/20220701/00000002,https://rescarta.lapl.org/ResCarta-Web/jsp/RcWebImageViewer.jsp?doc_id=040428be-8b21-4de1-9b1e-3421068c0f1c/cl000000/20220701/00000002,"Baumgardt Hollywood city directory, Los Angeles County California. 1906",115,text,marcgt,eng,2022-07-01,,,,,Historic City and Business & Phone Directories,1906,directory,1906,Los Angeles Public Library
040428be-8b21-4de1-9b1e-3421068c0f1c/cl000000/20161202/00000002,https://rescarta.lapl.org/ResCarta-Web/jsp/RcWebImageViewer.jsp?doc_id=040428be-8b21-4de1-9b1e-3421068c0f1c/cl000000/20161202/00000002,Los Angeles Business Directory 1890-91,467,text,marcgt,eng,2016-12-02,"Los Angees, CA",Country: USA State: CA County: Los Angeles City: Los Angeles,,W. M. Pearsall,Historic City and Business & Phone Directories,1890-91,directory,1890/1891,Los Angeles Public Library
040428be-8b21-4de1-9b1e-3421068c0f1c/cl000000/20220701/00000005,https://rescarta.lapl.org/ResCarta-Web/jsp/RcWebImageViewer.jsp?doc_id=040428be-8b21-4de1-9b1e-3421068c0f1c/cl000000/20220701/00000005,"Manual of the First Presbyterian Church of Los Angeles, Cal., September 1888",47,text,marcgt,eng,2022-07-01,,,,,Historic City and Business & Phone Directories,1888,directory,1888,Los Angeles Public Library
040428be-8b21-4de1-9b1e-3421068c0f1c/cl000000/20220701/00000004,https://rescarta.lapl.org/ResCarta-Web/jsp/RcWebImageViewer.jsp?doc_id=040428be-8b21-4de1-9b1e-3421068c0f1c/cl000000/20220701/00000004,"Coast county directory including Santa Cruz, San Diego, Ventura, Monterey, San Benito, Santa Barbara, San Luis Obispo, and Los Angeles co…",640,text,marcgt,eng,2022-07-01,,,,,Historic City and Business & Phone Directories,1884/1885,directory,1884/1885,Los Angeles Public Library
040428be-8b21-4de1-9b1e-3421068c0f1c/cl000000/20220701/00000014,https://rescarta.lapl.org/ResCarta-Web/jsp/RcWebImageViewer.jsp?doc_id=040428be-8b21-4de1-9b1e-3421068c0f1c/cl000000/20220701/00000014,Catholic directory and census of Los Angeles City and Parish Gazetteer of the Diocese of Monterey and Los Angeles 1899,380,text,marcgt,eng,2022-07-01,,,,,Historic City and Business & Phone Directories,1899,directory,1899,Los Angeles Public Library
040428be-8b21-4de1-9b1e-3421068c0f1c/cl000000/20140123/00000002,https://rescarta.lapl.org/ResCarta-Web/jsp/RcWebImageViewer.jsp?doc_id=040428be-8b21-4de1-9b1e-3421068c0f1c/cl000000/20140123/00000002,"Los Angeles City Directory, 1886-7",812,text,marcgt,eng,2014-01-23,"Los Angeles, CA",Country: USA State: CA County: Los Angeles City: Los Angeles,,A. A. Bynon & Co.,Historic City and Business & Phone Directories,1886-1887,directory,1886,Los Angeles Public Library
040428be-8b21-4de1-9b1e-3421068c0f1c/cl000000/20160509/00000004,https://rescarta.lapl.org/ResCarta-Web/jsp/RcWebImageViewer.jsp?doc_id=040428be-8b21-4de1-9b1e-3421068c0f1c/cl000000/20160509/00000004,Los Angeles City Directory (International ed.) 1906-1907,1284,text,marcgt,eng,2016-05-09,,Country: USA State: CA County: Los Angeles City: Los Angeles,,International Publishing Co.,Historic City and Business & Phone Directories,1906-1907,directory,1906/1907,Los Angeles Public Library
040428be-8b21-4de1-9b1e-3421068c0f1c/cl000000/20180218/00000001,https://rescarta.lapl.org/ResCarta-Web/jsp/RcWebImageViewer.jsp?doc_id=040428be-8b21-4de1-9b1e-3421068c0f1c/cl000000/20180218/00000001,Los Angeles City Directory 1873,68,text,marcgt,eng,2018-02-18,"Los Angeles, CA",Country: USA State: CA County: Los Angeles City: Los Angeles,,King & Stratton,Historic City and Business & Phone Directories,1873,directory,1873,Los Angeles Public Library
040428be-8b21-4de1-9b1e-3421068c0f1c/cl000000/20161202/00000005,https://rescarta.lapl.org/ResCarta-Web/jsp/RcWebImageViewer.jsp?doc_id=040428be-8b21-4de1-9b1e-3421068c0f1c/cl000000/20161202/00000005,Los Angeles City Directory 1888,1077,text,marcgt,eng,2016-12-02,"Los Angeles, CA",Country: USA State: CA County: Los Angeles City: Los Angeles,,W. H. L. Carran,Historic City and Business & Phone Directories,1888,directory,1888,Los Angeles Public Library
040428be-8b21-4de1-9b1e-3421068c0f1c/cl000000/20150518/00000003,https://rescarta.lapl.org/ResCarta-Web/jsp/RcWebImageViewer.jsp?doc_id=040428be-8b21-4de1-9b1e-3421068c0f1c/cl000000/20150518/00000003,Los Angeles City Directory 1893,1014,text,marcgt,eng,2015-05-18,"Los Angeles, CA",Country: USA State: CA County: Los Angeles City: Los Angeles,,W. H. L./ Corran,Historic City and Business & Phone Directories,1893,directory,1893,Los Angeles Public Library
040428be-8b21-4de1-9b1e-3421068c0f1c/cl000000/20140507/00000022,https://rescarta.lapl.org/ResCarta-Web/jsp/RcWebImageViewer.jsp?doc_id=040428be-8b21-4de1-9b1e-3421068c0f1c/cl000000/20140507/00000022,Los Angeles City Directory 1878,132,text,marcgt,eng,2014-05-07,"Los Angeles, CA",Country: USA State: CA County: Los Angeles City: Los Angeles,,"Mirror Printing, Ruling and Binding House",Historic City and Business & Phone Directories,1878,directory,1878,Los Angeles Public Library
040428be-8b21-4de1-9b1e-3421068c0f1c/cl000000/20140507/00000023,https://rescarta.lapl.org/ResCarta-Web/jsp/RcWebImageViewer.jsp?doc_id=040428be-8b21-4de1-9b1e-3421068c0f1c/cl000000/20140507/00000023,Los Angeles City Directory 1881-82,348,text,marcgt,eng,2014-05-07,"San Francisco, CA",Country: USA State: CA County: Los Angeles City: Los Angeles,,Bacon and Company,Historic City and Business & Phone Directories,1881-1882,directory,1881,Los Angeles Public Library
040428be-8b21-4de1-9b1e-3421068c0f1c/cl000000/20140123/00000005,https://rescarta.lapl.org/ResCarta-Web/jsp/RcWebImageViewer.jsp?doc_id=040428be-8b21-4de1-9b1e-3421068c0f1c/cl000000/20140123/00000005,"Los Angeles City Directory, 1900-1901",930,text,marcgt,eng,2014-01-23,"Los Angeles, CA",Country: USA State: CA County: Los Angeles City: Los Angeles,,Los Angeles Modern Directory Co.,Historic City and Business & Phone Directories,1900-1901,directory,1900,Los Angeles Public Library
040428be-8b21-4de1-9b1e-3421068c0f1c/cl000000/20180218/00000003,https://rescarta.lapl.org/ResCarta-Web/jsp/RcWebImageViewer.jsp?doc_id=040428be-8b21-4de1-9b1e-3421068c0f1c/cl000000/20180218/00000003,Los Angeles City Directory 1887,551,text,marcgt,eng,2018-02-18,"Los Angeles, CA",Country: USA State: CA County: Los Angeles City: Los Angeles,,"W. H. L. Corran, Publisher and Printer",Historic City and Business & Phone Directories,1887,directory,1887,Los Angeles Public Library
040428be-8b21-4de1-9b1e-3421068c0f1c/cl000000/20150604/00000001,https://rescarta.lapl.org/ResCarta-Web/jsp/RcWebImageViewer.jsp?doc_id=040428be-8b21-4de1-9b1e-3421068c0f1c/cl000000/20150604/00000001,Los Angeles City Directory 1906,2374,text,marcgt,eng,2015-06-04,"Los Angeles, CA",Country: USA State: CA County: Los Angeles City: Los Angeles,,Los Angeles City Directory Co. Inc.,Historic City and Business & Phone Directories,1906,directory,1906,Los Angeles Public Library
040428be-8b21-4de1-9b1e-3421068c0f1c/cl000000/20180218/00000002,https://rescarta.lapl.org/ResCarta-Web/jsp/RcWebImageViewer.jsp?doc_id=040428be-8b21-4de1-9b1e-3421068c0f1c/cl000000/20180218/00000002,Los Angeles Telephone Directory 1882,6,text,marcgt,eng,2018-02-18,,Country: USA State: CA County: Los Angeles City: Los Angeles,,Los Angeles Telephone Co.,Historic City and Business & Phone Directories,1882,directory,1882,Los Angeles Public Library
040428be-8b21-4de1-9b1e-3421068c0f1c/cl000000/20150518/00000002,https://rescarta.lapl.org/ResCarta-Web/jsp/RcWebImageViewer.jsp?doc_id=040428be-8b21-4de1-9b1e-3421068c0f1c/cl000000/20150518/00000002,Los Angeles City Directory 1887-1888 (Smith & McPhee),556,text,marcgt,eng,2015-05-18,,Country: USA State: CA County: Los Angeles City: Los Angeles,,Smith and McPhee,Historic City and Business & Phone Directories,1887,directory,1887/1888,Los Angeles Public Library
040428be-8b21-4de1-9b1e-3421068c0f1c/cl000000/20221230/00000005,https://rescarta.lapl.org/ResCarta-Web/jsp/RcWebImageViewer.jsp?doc_id=040428be-8b21-4de1-9b1e-3421068c0f1c/cl000000/20221230/00000005,Mercantile Guide to cities and Suburbs of the United States of America California Edition 1893,557,text,marcgt,eng,2022-12-30,,Country: USA State: CA,,The Mercantile Guide Co,Historic City and Business & Phone Directories,,directory,1893,Los Angeles Public Library
040428be-8b21-4de1-9b1e-3421068c0f1c/cl000000/20160509/00000008,https://rescarta.lapl.org/ResCarta-Web/jsp/RcWebImageViewer.jsp?doc_id=040428be-8b21-4de1-9b1e-3421068c0f1c/cl000000/20160509/00000008,Los Angeles City Directory 1901,1342,text,marcgt,eng,2016-05-09,,Country: USA State: CA County: Los Angeles City: Los Angeles,,Los Angeles Directory Publishing Co. Inc.,Historic City and Business & Phone Directories,1901,directory,1901,Los Angeles Public Library
040428be-8b21-4de1-9b1e-3421068c0f1c/cl000000/20150518/00000001,https://rescarta.lapl.org/ResCarta-Web/jsp/RcWebImageViewer.jsp?doc_id=040428be-8b21-4de1-9b1e-3421068c0f1c/cl000000/20150518/00000001,Los Angeles City Directory 1887-1888 (Maxwells),802,text,marcgt,eng,2015-05-18,"Los Angeles, CA",Country: USA State: CA County: Los Angeles City: Los Angeles,,GEO. W. Maxwell & Co,Historic City and Business & Phone Directories,1887,directory,1887/1888,Los Angeles Public Library
040428be-8b21-4de1-9b1e-3421068c0f1c/cl000000/20160509/00000009,https://rescarta.lapl.org/ResCarta-Web/jsp/RcWebImageViewer.jsp?doc_id=040428be-8b21-4de1-9b1e-3421068c0f1c/cl000000/20160509/00000009,Los Angeles City Directory 1892,944,text,marcgt,eng,2016-05-09,,Country: USA State: CA County: Los Angeles City: Los Angeles,,"Geo. W. Maxwell, Publisher and Printer",Historic City and Business & Phone Directories,1892,directory,1892,Los Angeles Public Library
040428be-8b21-4de1-9b1e-3421068c0f1c/cl000000/20221230/00000007,https://rescarta.lapl.org/ResCarta-Web/jsp/RcWebImageViewer.jsp?doc_id=040428be-8b21-4de1-9b1e-3421068c0f1c/cl000000/20221230/00000007,San Pedro and Terminal Island City Directory 1902,58,text,marcgt,eng,2022-12-30,,Country: USA State: CA County: Los Angeles City: San Pedro,,,Historic City and Business & Phone Directories,,directory,1902,Los Angeles Public Library
040428be-8b21-4de1-9b1e-3421068c0f1c/cl000000/20220701/00000001,https://rescarta.lapl.org/ResCarta-Web/jsp/RcWebImageViewer.jsp?doc_id=040428be-8b21-4de1-9b1e-3421068c0f1c/cl000000/20220701/00000001,Los Angeles County Telephone Directory 1904,127,text,marcgt,eng,2022-07-01,,,,,Historic City and Business & Phone Directories,1904,directory,1904,Los Angeles Public Library
040428be-8b21-4de1-9b1e-3421068c0f1c/cl000000/20161202/00000004,https://rescarta.lapl.org/ResCarta-Web/jsp/RcWebImageViewer.jsp?doc_id=040428be-8b21-4de1-9b1e-3421068c0f1c/cl000000/20161202/00000004,Los Angeles City Directory 1879-80,235,text,marcgt,eng,2016-12-02,"Los Angeles, CA",Country: USA State: CA County: Los Angeles City: Los Angeles,,Morris & Wright,Historic City and Business & Phone Directories,1879-80,directory,1879/1880,Los Angeles Public Library
040428be-8b21-4de1-9b1e-3421068c0f1c/cl000000/20160509/00000006,https://rescarta.lapl.org/ResCarta-Web/jsp/RcWebImageViewer.jsp?doc_id=040428be-8b21-4de1-9b1e-3421068c0f1c/cl000000/20160509/00000006,Los Angeles City Directory 1891,818,text,marcgt,eng,2016-05-09,,Country: USA State: CA County: Los Angeles City: Los Angeles,,"W. H. L. Corran, Publisher and Printer",Historic City and Business & Phone Directories,1891,directory,1891,Los Angeles Public Library
040428be-8b21-4de1-9b1e-3421068c0f1c/cl000000/20221230/00000004,https://rescarta.lapl.org/ResCarta-Web/jsp/RcWebImageViewer.jsp?doc_id=040428be-8b21-4de1-9b1e-3421068c0f1c/cl000000/20221230/00000004,Mercantile Guide to cities and Suburbs of the United States of America California Edition 1892,789,text,marcgt,eng,2022-12-30,,Country: USA,,The Mercantile Guide Co,Historic City and Business & Phone Directories,,directory,1892,Los Angeles Public Library
026bc4f2-52f9-4cbf-b1e4-12291b1cd6d0/cl000000/20140507/00000024,https://rescarta.lapl.org/ResCarta-Web/jsp/RcWebImageViewer.jsp?doc_id=026bc4f2-52f9-4cbf-b1e4-12291b1cd6d0/cl000000/20140507/00000024,"Los Angeles Street and Avenue Guide, 1906",448,text,marcgt,eng,2014-05-07,"Los Angeles, CA",Country: USA State: CA County: Los Angeles City: Los Angeles,,Los Angeles City Directory Co.,Los Angeles Street - Reverse Directories,1906,directory,1906,Los Angeles Public Library
040428be-8b21-4de1-9b1e-3421068c0f1c/cl000000/20160509/00000002,https://rescarta.lapl.org/ResCarta-Web/jsp/RcWebImageViewer.jsp?doc_id=040428be-8b21-4de1-9b1e-3421068c0f1c/cl000000/20160509/00000002,Los Angeles City Directory 1884-1885,680,text,marcgt,eng,2016-05-09,,Country: USA State: CA County: Los Angeles City: Los Angeles,,Atwood & Ernst,Historic City and Business & Phone Directories,1884-1885,directory,1884/1885,Los Angeles Public Library
040428be-8b21-4de1-9b1e-3421068c0f1c/cl000000/20140123/00000003,https://rescarta.lapl.org/ResCarta-Web/jsp/RcWebImageViewer.jsp?doc_id=040428be-8b21-4de1-9b1e-3421068c0f1c/cl000000/20140123/00000003,"Los Angeles City Directory, 1894",1684,text,marcgt,eng,2014-01-23,"Los Angeles, CA",Country: USA State: CA County: Los Angeles City: Los Angeles,,George W. Maxwell,Historic City and Business & Phone Directories,1894,directory,1894,Los Angeles Public Library
040428be-8b21-4de1-9b1e-3421068c0f1c/cl000000/20160509/00000010,https://rescarta.lapl.org/ResCarta-Web/jsp/RcWebImageViewer.jsp?doc_id=040428be-8b21-4de1-9b1e-3421068c0f1c/cl000000/20160509/00000010,Los Angeles City Directory 1895,1720,text,marcgt,eng,2016-05-09,,Country: USA State: CA County: Los Angeles City: Los Angeles,,"Los Angeles Directory Publishing Co., Publishers",Historic City and Business & Phone Directories,1895,directory,1895,Los Angeles Public Library
040428be-8b21-4de1-9b1e-3421068c0f1c/cl000000/20160509/00000011,https://rescarta.lapl.org/ResCarta-Web/jsp/RcWebImageViewer.jsp?doc_id=040428be-8b21-4de1-9b1e-3421068c0f1c/cl000000/20160509/00000011,Los Angeles City Directory (Maxwell's) 1896,1676,text,marcgt,eng,2016-05-09,,Country: USA State: CA County: Los Angeles City: Los Angeles,,"Los Angeles Directory Publishing Co., Publishers",Historic City and Business & Phone Directories,1896,directory,1896,Los Angeles Public Library
040428be-8b21-4de1-9b1e-3421068c0f1c/cl000000/20160509/00000012,https://rescarta.lapl.org/ResCarta-Web/jsp/RcWebImageViewer.jsp?doc_id=040428be-8b21-4de1-9b1e-3421068c0f1c/cl000000/20160509/00000012,Los Angeles City Directory 1897,1538,text,marcgt,eng,2016-05-09,,Country: USA State: CA County: Los Angeles City: Los Angeles,,"Los Angeles Directory Publishing Co., Publishers",Historic City and Business & Phone Directories,1897,directory,1897,Los Angeles Public Library
040428be-8b21-4de1-9b1e-3421068c0f1c/cl000000/20180218/00000004,https://rescarta.lapl.org/ResCarta-Web/jsp/RcWebImageViewer.jsp?doc_id=040428be-8b21-4de1-9b1e-3421068c0f1c/cl000000/20180218/00000004,Los Angeles City Directory 1902,1676,text,marcgt,eng,2018-02-18,"Los Angeles, CA",Country: USA State: CA County: Los Angeles City: Los Angeles,,Los Angeles City Directory Co.,Historic City and Business & Phone Directories,1902,directory,1902,Los Angeles Public Library
040428be-8b21-4de1-9b1e-3421068c0f1c/cl000000/20140123/00000001,https://rescarta.lapl.org/ResCarta-Web/jsp/RcWebImageViewer.jsp?doc_id=040428be-8b21-4de1-9b1e-3421068c0f1c/cl000000/20140123/00000001,"Los Angeles City Directory, 1883-84",526,text,marcgt,eng,2014-01-23,"San Francisco, CA",Country: USA State: CA County: Los Angeles City: Los Angeles,,Southern California Publishing Co.,Historic City and Business & Phone Directories,1883-1884,directory,1883,Los Angeles Public Library
040428be-8b21-4de1-9b1e-3421068c0f1c/cl000000/20140123/00000004,https://rescarta.lapl.org/ResCarta-Web/jsp/RcWebImageViewer.jsp?doc_id=040428be-8b21-4de1-9b1e-3421068c0f1c/cl000000/20140123/00000004,"Los Angeles City Directory, 1898",1542,text,marcgt,eng,2014-01-23,"Los Angeles, CA",Country: USA State: CA County: Los Angeles City: Los Angeles,,Los Angeles Directory Co.,Historic City and Business & Phone Directories,1898,directory,1898,Los Angeles Public Library
040428be-8b21-4de1-9b1e-3421068c0f1c/cl000000/20161202/00000001,https://rescarta.lapl.org/ResCarta-Web/jsp/RcWebImageViewer.jsp?doc_id=040428be-8b21-4de1-9b1e-3421068c0f1c/cl000000/20161202/00000001,"California, Oregon & Nevada Trades Guide 1874",435,text,marcgt,eng,2016-12-02,San Fransisco,Country: USA State: CA County: Los Angeles City: Los Angeles,,D. M. Bishop & Co.,Historic City and Business & Phone Directories,1874,directory,1874-06,Los Angeles Public Library
040428be-8b21-4de1-9b1e-3421068c0f1c/cl000000/20170519/00000002,https://rescarta.lapl.org/ResCarta-Web/jsp/RcWebImageViewer.jsp?doc_id=040428be-8b21-4de1-9b1e-3421068c0f1c/cl000000/20170519/00000002,Los Angeles City Directory 1907,2120,text,marcgt,eng,2017-05-19,"Los Angeles, CA",Country: USA State: CA County: Los Angeles City: Los Angeles,,General Directory Publisher,Historic City and Business & Phone Directories,1907,directory,1907,Los Angeles Public Library
040428be-8b21-4de1-9b1e-3421068c0f1c/cl000000/20160509/00000003,https://rescarta.lapl.org/ResCarta-Web/jsp/RcWebImageViewer.jsp?doc_id=040428be-8b21-4de1-9b1e-3421068c0f1c/cl000000/20160509/00000003,Los Angeles and Santa Ana Valley City Directory 1883-1884,250,text,marcgt,eng,2016-05-09,,Country: USA State: CA County: Los Angeles City: Los Angeles,,Los Angeles Directory Publishing Co.,Historic City and Business & Phone Directories,1883-1884,directory,1883/1884,Los Angeles Public Library
040428be-8b21-4de1-9b1e-3421068c0f1c/cl000000/20160509/00000007,https://rescarta.lapl.org/ResCarta-Web/jsp/RcWebImageViewer.jsp?doc_id=040428be-8b21-4de1-9b1e-3421068c0f1c/cl000000/20160509/00000007,Los Angeles City Directory 1899,1166,text,marcgt,eng,2016-05-09,,Country: USA State: CA County: Los Angeles City: Los Angeles,,Los Angeles Directory Publishing Co.,Historic City and Business & Phone Directories,1899,directory,1899,Los Angeles Public Library
040428be-8b21-4de1-9b1e-3421068c0f1c/cl000000/20220701/00000027,https://rescarta.lapl.org/ResCarta-Web/jsp/RcWebImageViewer.jsp?doc_id=040428be-8b21-4de1-9b1e-3421068c0f1c/cl000000/20220701/00000027,Year Book of the Immanuel Presbyterian Church of Los Angeles 1893,70,text,marcgt,eng,2022-07-01,,,,,Historic City and Business & Phone Directories,1893,directory,1893,Los Angeles Public Library
040428be-8b21-4de1-9b1e-3421068c0f1c/cl000000/20221230/00000013,https://rescarta.lapl.org/ResCarta-Web/jsp/RcWebImageViewer.jsp?doc_id=040428be-8b21-4de1-9b1e-3421068c0f1c/cl000000/20221230/00000013,Southern California Business Directory 1913-1914,609,text,marcgt,eng,2022-12-30,,Country: USA State: CA County: Los Angeles,,The Foster Directory Company,Historic City and Business & Phone Directories,,directory,1913,Los Angeles Public Library
026bc4f2-52f9-4cbf-b1e4-12291b1cd6d0/cl000000/20170519/00000005,https://rescarta.lapl.org/ResCarta-Web/jsp/RcWebImageViewer.jsp?doc_id=026bc4f2-52f9-4cbf-b1e4-12291b1cd6d0/cl000000/20170519/00000005,Los Angeles. Street Directory (Kelts) 1927 Nolden - Z,744,text,marcgt,eng,2017-05-19,"Oakland, CA",Country: USA State: CA County: Los Angeles City: Los Angeles,,Kelts' Geographical Directory Co.,Los Angeles Street - Reverse Directories,1927,directory,1927,Los Angeles Public Library
040428be-8b21-4de1-9b1e-3421068c0f1c/cl000000/20221230/00000014,https://rescarta.lapl.org/ResCarta-Web/jsp/RcWebImageViewer.jsp?doc_id=040428be-8b21-4de1-9b1e-3421068c0f1c/cl000000/20221230/00000014,Southern California Business Directory 1915,405,text,marcgt,eng,2022-12-30,,Country: USA State: CA County: Los Angeles,,,Historic City and Business & Phone Directories,,directory,1915,Los Angeles Public Library
040428be-8b21-4de1-9b1e-3421068c0f1c/cl000000/20140507/00000014,https://rescarta.lapl.org/ResCarta-Web/jsp/RcWebImageViewer.jsp?doc_id=040428be-8b21-4de1-9b1e-3421068c0f1c/cl000000/20140507/00000014,Santa Monica City Directory 1923-1924,986,text,marcgt,eng,2014-05-07,"Los Angeles, CA",Country: USA State: CA County: Los Angeles City: Los Angeles,,Los Angeles Directory Co.,Historic City and Business & Phone Directories,1923-1924,directory,1923,Los Angeles Public Library
040428be-8b21-4de1-9b1e-3421068c0f1c/cl000000/20150518/00000007,https://rescarta.lapl.org/ResCarta-Web/jsp/RcWebImageViewer.jsp?doc_id=040428be-8b21-4de1-9b1e-3421068c0f1c/cl000000/20150518/00000007,Los Angeles City Directory 1912,2024,text,marcgt,eng,2015-05-18,"Los Angeles, CA",Country: USA State: CA County: Los Angeles City: Los Angeles,,Los Angeles Directory Company,Historic City and Business & Phone Directories,1912,directory,1912,Los Angeles Public Library
040428be-8b21-4de1-9b1e-3421068c0f1c/cl000000/20190311/00000001,https://rescarta.lapl.org/ResCarta-Web/jsp/RcWebImageViewer.jsp?doc_id=040428be-8b21-4de1-9b1e-3421068c0f1c/cl000000/20190311/00000001,Los Angeles City Directory 1924,2709,text,marcgt,eng,2019-03-11,Los Angeles,Country: USA State: CA County: Los Angeles City: Los Angeles,,Los Angeles Directory Company,Historic City and Business & Phone Directories,,book,1924,Los Angeles Public Library
040428be-8b21-4de1-9b1e-3421068c0f1c/cl000000/20190731/00000004,https://rescarta.lapl.org/ResCarta-Web/jsp/RcWebImageViewer.jsp?doc_id=040428be-8b21-4de1-9b1e-3421068c0f1c/cl000000/20190731/00000004,Watts-Compton City Directory 1927-1928,521,text,marcgt,eng,2019-07-31,,Country: USA State: CA County: Los Angeles City: Watts,,Los Angeles Directory Co.,Historic City and Business & Phone Directories,,book,1927/1928,Los Angeles Public Library
040428be-8b21-4de1-9b1e-3421068c0f1c/cl000000/20140507/00000007,https://rescarta.lapl.org/ResCarta-Web/jsp/RcWebImageViewer.jsp?doc_id=040428be-8b21-4de1-9b1e-3421068c0f1c/cl000000/20140507/00000007,San Pedro City Directory 1923,632,text,marcgt,eng,2014-05-07,"Los Angeles, CA",Country: USA State: CA County: Los Angeles City: Los Angeles,,Los Angeles Directory Co.,Historic City and Business & Phone Directories,1923,directory,1923,Los Angeles Public Library
040428be-8b21-4de1-9b1e-3421068c0f1c/LPU00000/LL000007/00000004,https://rescarta.lapl.org/ResCarta-Web/jsp/RcWebImageViewer.jsp?doc_id=040428be-8b21-4de1-9b1e-3421068c0f1c/LPU00000/LL000007/00000004,Los Angeles Directory Co.'s Los Angeles City Directory 1927 Embracing an Alphabetically Arranged List of Business Houses and Private Citiz…,2398,text,marcgt,eng,2010-10-11,"Los Angeles, Cal.",Country: USA State: CA County: Wayne,Telephone Authority: LCSH,The Los Angeles Directory Company Publishers,Historic City and Business & Phone Directories,1927,Directories,1927,Los Angeles Public Library
040428be-8b21-4de1-9b1e-3421068c0f1c/LPU00000/LL000005/00000001,https://rescarta.lapl.org/ResCarta-Web/jsp/RcWebImageViewer.jsp?doc_id=040428be-8b21-4de1-9b1e-3421068c0f1c/LPU00000/LL000005/00000001,"Los Angeles City Directory, 1915",2632,text,LCSH,eng,2008-11-17,"Los Angeles, California",Country: USA State: CA County: Wayne,Telephone Authority: LCSH,Los Angeles Directory Company,Historic City and Business & Phone Directories,1915,Directories,1915,Los Angeles Public Library
040428be-8b21-4de1-9b1e-3421068c0f1c/cl000000/20140123/00000007,https://rescarta.lapl.org/ResCarta-Web/jsp/RcWebImageViewer.jsp?doc_id=040428be-8b21-4de1-9b1e-3421068c0f1c/cl000000/20140123/00000007,"Los Angeles City Directory, 1917",2624,text,marcgt,eng,2014-01-23,"Los Angeles, CA",Country: USA State: CA County: Los Angeles City: Los Angeles,,Los Angeles Directory Co.,Historic City and Business & Phone Directories,1917,directory,1917,Los Angeles Public Library
040428be-8b21-4de1-9b1e-3421068c0f1c/cl000000/20161202/00000003,https://rescarta.lapl.org/ResCarta-Web/jsp/RcWebImageViewer.jsp?doc_id=040428be-8b21-4de1-9b1e-3421068c0f1c/cl000000/20161202/00000003,Los Angeles Business Directory 1914,137,text,marcgt,eng,2016-12-02,"Los Angeles, CA",Country: USA State: CA County: Los Angeles City: Los Angeles,,Bards & Co.,Historic City and Business & Phone Directories,1914,directory,1914,Los Angeles Public Library
040428be-8b21-4de1-9b1e-3421068c0f1c/cl000000/20140507/00000012,https://rescarta.lapl.org/ResCarta-Web/jsp/RcWebImageViewer.jsp?doc_id=040428be-8b21-4de1-9b1e-3421068c0f1c/cl000000/20140507/00000012,Santa Monica City Directory 1917,538,text,marcgt,eng,2014-05-07,"Los Angeles, CA",Country: USA State: CA County: Los Angeles City: Los Angeles,,Los Angeles Directory Company,Historic City and Business & Phone Directories,1917,directory,1917,Los Angeles Public Library
040428be-8b21-4de1-9b1e-3421068c0f1c/cl000000/20140123/00000006,https://rescarta.lapl.org/ResCarta-Web/jsp/RcWebImageViewer.jsp?doc_id=040428be-8b21-4de1-9b1e-3421068c0f1c/cl000000/20140123/00000006,"Los Angeles City Directory, 1911",1990,text,marcgt,eng,2014-01-23,"Los Angeles, CA",Country: USA State: CA County: Los Angeles City: Los Angeles,,General Directrory Publishers,Historic City and Business & Phone Directories,1911,directory,1911,Los Angeles Public Library
040428be-8b21-4de1-9b1e-3421068c0f1c/cl000000/20221230/00000012,https://rescarta.lapl.org/ResCarta-Web/jsp/RcWebImageViewer.jsp?doc_id=040428be-8b21-4de1-9b1e-3421068c0f1c/cl000000/20221230/00000012,Sherman (West Hollywood) directory 1925,129,text,marcgt,eng,2022-12-30,,Country: USA State: CA County: Los Angeles City: Sherman,,Sherman Chamber of Commerce,Historic City and Business & Phone Directories,,directory,1925,Los Angeles Public Library
040428be-8b21-4de1-9b1e-3421068c0f1c/LPU00000/LL000007/00000002,https://rescarta.lapl.org/ResCarta-Web/jsp/RcWebImageViewer.jsp?doc_id=040428be-8b21-4de1-9b1e-3421068c0f1c/LPU00000/LL000007/00000002,Los Angeles Directory Co's Los Angeles City Directory 1909 Containing an Alphabetical List of Business Firms and Private Citizens and Miscel…,1968,text,marcgt,eng,2010-10-11,"Los Angeles, Cal.",Country: USA State: CA County: Wayne,Telephone Authority: LCSH,"Los Angeles City Directory Co., Inc.",Historic City and Business & Phone Directories,1909,Directories,1909,Los Angeles Public Library
040428be-8b21-4de1-9b1e-3421068c0f1c/cl000000/20150604/00000014,https://rescarta.lapl.org/ResCarta-Web/jsp/RcWebImageViewer.jsp?doc_id=040428be-8b21-4de1-9b1e-3421068c0f1c/cl000000/20150604/00000014,Watts City Directory 1925,610,text,marcgt,eng,2015-06-04,"Los Angeles, CA",Country: USA State: CA County: Los Angeles City: Los Angeles,,Los Angeles Directory Co.,Historic City and Business & Phone Directories,1925,directory,1925,Los Angeles Public Library
040428be-8b21-4de1-9b1e-3421068c0f1c/cl000000/20190731/00000003,https://rescarta.lapl.org/ResCarta-Web/jsp/RcWebImageViewer.jsp?doc_id=040428be-8b21-4de1-9b1e-3421068c0f1c/cl000000/20190731/00000003,Watts-Compton City Directory 1922-1923,437,text,marcgt,eng,2019-07-31,,Country: USA State: CA County: Los Angeles City: Watts,,Los Angeles Directory Co.,Historic City and Business & Phone Directories,,book,1922/1923,Los Angeles Public Library
040428be-8b21-4de1-9b1e-3421068c0f1c/cl000000/20150518/00000005,https://rescarta.lapl.org/ResCarta-Web/jsp/RcWebImageViewer.jsp?doc_id=040428be-8b21-4de1-9b1e-3421068c0f1c/cl000000/20150518/00000005,Los Angeles City Directory 1908,2064,text,marcgt,eng,2015-05-18,"Los Angeles, CA",Country: USA State: CA County: Los Angeles City: Los Angeles,,Los Angeles Directory Company,Historic City and Business & Phone Directories,1908,directory,1908,Los Angeles Public Library
040428be-8b21-4de1-9b1e-3421068c0f1c/cl000000/20140507/00000027,https://rescarta.lapl.org/ResCarta-Web/jsp/RcWebImageViewer.jsp?doc_id=040428be-8b21-4de1-9b1e-3421068c0f1c/cl000000/20140507/00000027,San Fernando Valley City Directory 1921,282,text,marcgt,eng,2014-05-07,"Los Angeles, CA",Country: USA State: CA County: Los Angeles City: Los Angeles,,Los Angeles Directory Company,Historic City and Business & Phone Directories,1921,directory,1921,Los Angeles Public Library
040428be-8b21-4de1-9b1e-3421068c0f1c/cl000000/20150518/00000009,https://rescarta.lapl.org/ResCarta-Web/jsp/RcWebImageViewer.jsp?doc_id=040428be-8b21-4de1-9b1e-3421068c0f1c/cl000000/20150518/00000009,Los Angeles City Directory 1914,2906,text,marcgt,eng,2015-05-18,"Los Angeles, CA",Country: USA State: CA County: Los Angeles City: Los Angeles,,Los Angeles Directory Company,Historic City and Business & Phone Directories,1914,directory,1914,Los Angeles Public Library
040428be-8b21-4de1-9b1e-3421068c0f1c/cl000000/20150518/00000013,https://rescarta.lapl.org/ResCarta-Web/jsp/RcWebImageViewer.jsp?doc_id=040428be-8b21-4de1-9b1e-3421068c0f1c/cl000000/20150518/00000013,Los Angeles City Directory 1925,2294,text,marcgt,eng,2015-05-18,"Los Angeles, CA",Country: USA State: CA County: Los Angeles City: Los Angeles,,Los Angeles Directory Company,Historic City and Business & Phone Directories,1925,directory,1925,Los Angeles Public Library
040428be-8b21-4de1-9b1e-3421068c0f1c/cl000000/20140123/00000009,https://rescarta.lapl.org/ResCarta-Web/jsp/RcWebImageViewer.jsp?doc_id=040428be-8b21-4de1-9b1e-3421068c0f1c/cl000000/20140123/00000009,"Los Angeles City Directory, 1921",3072,text,marcgt,eng,2014-01-23,"Los Angeles, CA",Country: USA State: CA County: Los Angeles City: Los Angeles,,Los Angeles Directory Co.,Historic City and Business & Phone Directories,1921,directory,1921,Los Angeles Public Library
040428be-8b21-4de1-9b1e-3421068c0f1c/cl000000/20150518/00000008,https://rescarta.lapl.org/ResCarta-Web/jsp/RcWebImageViewer.jsp?doc_id=040428be-8b21-4de1-9b1e-3421068c0f1c/cl000000/20150518/00000008,Los Angeles City Directory 1913,2602,text,marcgt,eng,2015-05-18,"Los Angeles, CA",Country: USA State: CA County: Los Angeles City: Los Angeles,,"Los Angeles Directory Co., Inc.",Historic City and Business & Phone Directories,1913,directory,1913,Los Angeles Public Library
040428be-8b21-4de1-9b1e-3421068c0f1c/cl000000/20150518/00000006,https://rescarta.lapl.org/ResCarta-Web/jsp/RcWebImageViewer.jsp?doc_id=040428be-8b21-4de1-9b1e-3421068c0f1c/cl000000/20150518/00000006,Los Angeles City Directory 1910,2090,text,marcgt,eng,2015-05-18,"Los Angeles, CA",Country: USA State: CA County: Los Angeles City: Los Angeles,,Phillips Printing Company,Historic City and Business & Phone Directories,1910,directory,1910,Los Angeles Public Library
040428be-8b21-4de1-9b1e-3421068c0f1c/cl000000/20150518/00000015,https://rescarta.lapl.org/ResCarta-Web/jsp/RcWebImageViewer.jsp?doc_id=040428be-8b21-4de1-9b1e-3421068c0f1c/cl000000/20150518/00000015,Watts City Directory 1921,166,text,marcgt,eng,2015-05-18,"Alhambra, CA",Country: USA State: CA County: Los Angeles City: Los Angeles,,Newton Directory Co.,Historic City and Business & Phone Directories,1921,directory,1921,Los Angeles Public Library
040428be-8b21-4de1-9b1e-3421068c0f1c/cl000000/20190731/00000001,https://rescarta.lapl.org/ResCarta-Web/jsp/RcWebImageViewer.jsp?doc_id=040428be-8b21-4de1-9b1e-3421068c0f1c/cl000000/20190731/00000001,Santa Monica City Directory 1913,521,text,marcgt,eng,2019-07-31,,Country: USA State: CA County: Los Angeles City: Santa Monica,,Los Angeles Directory Co.,Historic City and Business & Phone Directories,,book,1913,Los Angeles Public Library
040428be-8b21-4de1-9b1e-3421068c0f1c/cl000000/20140507/00000011,https://rescarta.lapl.org/ResCarta-Web/jsp/RcWebImageViewer.jsp?doc_id=040428be-8b21-4de1-9b1e-3421068c0f1c/cl000000/20140507/00000011,Santa Monica City Directory 1915-1916,510,text,marcgt,eng,2014-05-07,"Los Angeles, CA",Country: USA State: CA County: Los Angeles City: Los Angeles,,Los Angeles Directory Company,Historic City and Business & Phone Directories,1915-1916,directory,1915,Los Angeles Public Library
040428be-8b21-4de1-9b1e-3421068c0f1c/cl000000/20140507/00000002,https://rescarta.lapl.org/ResCarta-Web/jsp/RcWebImageViewer.jsp?doc_id=040428be-8b21-4de1-9b1e-3421068c0f1c/cl000000/20140507/00000002,San Fernando Valley City Directory 1923,582,text,marcgt,eng,2014-05-07,"Los Angeles, CA",Country: USA State: CA County: Los Angeles City: Los Angeles,,Los Angeles Directory Co.,Historic City and Business & Phone Directories,1923,directory,1923,Los Angeles Public Library
040428be-8b21-4de1-9b1e-3421068c0f1c/cl000000/20190731/00000002,https://rescarta.lapl.org/ResCarta-Web/jsp/RcWebImageViewer.jsp?doc_id=040428be-8b21-4de1-9b1e-3421068c0f1c/cl000000/20190731/00000002,Santa Monica City Directory 1919-1920,535,text,marcgt,eng,2019-07-31,,Country: USA State: CA County: Los Angeles City: Santa Monica,,Los Angeles Directory Co.,Historic City and Business & Phone Directories,,book,1919/1920,Los Angeles Public Library
040428be-8b21-4de1-9b1e-3421068c0f1c/cl000000/20150518/00000010,https://rescarta.lapl.org/ResCarta-Web/jsp/RcWebImageViewer.jsp?doc_id=040428be-8b21-4de1-9b1e-3421068c0f1c/cl000000/20150518/00000010,Los Angeles City Directory 1916,2454,text,marcgt,eng,2015-05-18,"Los Angeles, CA",Country: USA State: CA County: Los Angeles City: Los Angeles,,Los Angeles Directory Company,Historic City and Business & Phone Directories,1916,directory,1916,Los Angeles Public Library
040428be-8b21-4de1-9b1e-3421068c0f1c/cl000000/20140123/00000008,https://rescarta.lapl.org/ResCarta-Web/jsp/RcWebImageViewer.jsp?doc_id=040428be-8b21-4de1-9b1e-3421068c0f1c/cl000000/20140123/00000008,"Los Angeles City Directory, 1918",2584,text,marcgt,eng,2014-01-23,"Los Angeles, CA",Country: USA State: CA County: Los Angeles City: Los Angeles,,Los Angeles Directory Co.,Historic City and Business & Phone Directories,1918,directory,1918,Los Angeles Public Library
040428be-8b21-4de1-9b1e-3421068c0f1c/cl000000/20221230/00000008,https://rescarta.lapl.org/ResCarta-Web/jsp/RcWebImageViewer.jsp?doc_id=040428be-8b21-4de1-9b1e-3421068c0f1c/cl000000/20221230/00000008,"Santa Monica, Ocean Park, Venice, Sawtelle, & Brentwood Heights City Business Directory Including Surrounding Towns 1927",794,text,marcgt,eng,2022-12-30,,Country: USA State: CA County: Los Angeles City: Los Angeles,,Los Angeles Directory Co,Historic City and Business & Phone Directories,,directory,1927,Los Angeles Public Library
040428be-8b21-4de1-9b1e-3421068c0f1c/LPU00000/LL000006/00000001,https://rescarta.lapl.org/ResCarta-Web/jsp/RcWebImageViewer.jsp?doc_id=040428be-8b21-4de1-9b1e-3421068c0f1c/LPU00000/LL000006/00000001,"Los Angeles Directory Co's Los Angeles City Directory Including San Pedro, Wilmington, Sawtelle Palms, Westgate and the San Fernando Vall…",3786,text,LCSH,eng,2009-07-10,"Los Angeles, California",Country: USA State: CA County: Wayne,Telephone Authority: LCSH,Member of Association of North American Directory Publishers,Historic City and Business & Phone Directories,1923,Directories,1923,Los Angeles Public Library
040428be-8b21-4de1-9b1e-3421068c0f1c/cl000000/20140507/00000003,https://rescarta.lapl.org/ResCarta-Web/jsp/RcWebImageViewer.jsp?doc_id=040428be-8b21-4de1-9b1e-3421068c0f1c/cl000000/20140507/00000003,San Fernando Valley City Directory 1924,732,text,marcgt,eng,2014-05-07,"Los Angeles, CA",Country: USA State: CA County: Los Angeles City: Los Angeles,,Los Angeles Directory Co.,Historic City and Business & Phone Directories,1924,directory,1924,Los Angeles Public Library
026bc4f2-52f9-4cbf-b1e4-12291b1cd6d0/cl000000/20170519/00000004,https://rescarta.lapl.org/ResCarta-Web/jsp/RcWebImageViewer.jsp?doc_id=026bc4f2-52f9-4cbf-b1e4-12291b1cd6d0/cl000000/20170519/00000004,Los Angeles. Street Directory (Kelts) 1927 A - Nobel,726,text,marcgt,eng,2017-05-19,"Oakland, CA",Country: USA State: CA County: Los Angeles City: Los Angeles,,Kelts' Geographical Directory Co.,Los Angeles Street - Reverse Directories,1927,directory,1927,Los Angeles Public Library
040428be-8b21-4de1-9b1e-3421068c0f1c/cl000000/20220701/00000017,https://rescarta.lapl.org/ResCarta-Web/jsp/RcWebImageViewer.jsp?doc_id=040428be-8b21-4de1-9b1e-3421068c0f1c/cl000000/20220701/00000017,"Santa Monica, Ocean Park, Venice, Sawtelle, Brentwood Heights City Directory 1927",795,text,marcgt,eng,2022-07-01,,,,,Historic City and Business & Phone Directories,1927,directory,1927,Los Angeles Public Library
040428be-8b21-4de1-9b1e-3421068c0f1c/cl000000/20140507/00000006,https://rescarta.lapl.org/ResCarta-Web/jsp/RcWebImageViewer.jsp?doc_id=040428be-8b21-4de1-9b1e-3421068c0f1c/cl000000/20140507/00000006,San Pedro City Directory 1908,122,text,marcgt,eng,2014-05-07,"Los Angeles, CA",Country: USA State: CA County: Los Angeles City: Los Angeles,,San Pedro Directory Co.,Historic City and Business & Phone Directories,1908,directory,1908,Los Angeles Public Library
040428be-8b21-4de1-9b1e-3421068c0f1c/cl000000/20140507/00000013,https://rescarta.lapl.org/ResCarta-Web/jsp/RcWebImageViewer.jsp?doc_id=040428be-8b21-4de1-9b1e-3421068c0f1c/cl000000/20140507/00000013,Santa Monica City Directory 1921-1922,744,text,marcgt,eng,2014-05-07,"Los Angeles, CA",Country: USA State: CA County: Los Angeles City: Los Angeles,,Los Angeles Directory Co.,Historic City and Business & Phone Directories,1921-1922,directory,1921,Los Angeles Public Library
040428be-8b21-4de1-9b1e-3421068c0f1c/cl000000/20140507/00000001,https://rescarta.lapl.org/ResCarta-Web/jsp/RcWebImageViewer.jsp?doc_id=040428be-8b21-4de1-9b1e-3421068c0f1c/cl000000/20140507/00000001,San Fernando Valley City Directory 1922,456,text,marcgt,eng,2014-05-07,"Los Angeles, CA",Country: USA State: CA County: Los Angeles City: Los Angeles,,Los Angeles Directory Company,Historic City and Business & Phone Directories,1922,directory,1922,Los Angeles Public Library
040428be-8b21-4de1-9b1e-3421068c0f1c/cl000000/20140507/00000016,https://rescarta.lapl.org/ResCarta-Web/jsp/RcWebImageViewer.jsp?doc_id=040428be-8b21-4de1-9b1e-3421068c0f1c/cl000000/20140507/00000016,Watts City Directory 1919,82,text,marcgt,eng,2014-05-07,"Los Angeles, CA",Country: USA State: CA County: Los Angeles City: Los Angeles,,Alva T. Hubbard,Historic City and Business & Phone Directories,1919,directory,1919,Los Angeles Public Library
040428be-8b21-4de1-9b1e-3421068c0f1c/cl000000/20150518/00000014,https://rescarta.lapl.org/ResCarta-Web/jsp/RcWebImageViewer.jsp?doc_id=040428be-8b21-4de1-9b1e-3421068c0f1c/cl000000/20150518/00000014,Watts City Directory 1914-1915,202,text,marcgt,eng,2015-05-18,"Watts, CA",Country: USA State: CA County: Los Angeles City: Los Angeles,,V. R. Franklin,Historic City and Business & Phone Directories,1914,directory,1914/1915,Los Angeles Public Library
040428be-8b21-4de1-9b1e-3421068c0f1c/cl000000/20150518/00000011,https://rescarta.lapl.org/ResCarta-Web/jsp/RcWebImageViewer.jsp?doc_id=040428be-8b21-4de1-9b1e-3421068c0f1c/cl000000/20150518/00000011,Los Angeles City Directory 1920,2672,text,marcgt,eng,2015-05-18,"Los Angeles, CA",Country: USA State: CA County: Los Angeles City: Los Angeles,,Los Angeles Directory Company,Historic City and Business & Phone Directories,1920,directory,1920,Los Angeles Public Library
040428be-8b21-4de1-9b1e-3421068c0f1c/LPU00000/LL000007/00000003,https://rescarta.lapl.org/ResCarta-Web/jsp/RcWebImageViewer.jsp?doc_id=040428be-8b21-4de1-9b1e-3421068c0f1c/LPU00000/LL000007/00000003,Los Angeles Directory Co's Los Angeles City Directory 1926 Embracing an Alphabetically Arranged List of Business Houses and Private Citize…,2430,text,marcgt,eng,2010-10-11,"Los Angeles, California",Country: USA State: CA County: Wayne,Telephone Authority: LCSH,The Los Angeles Directory Company Publishers,Historic City and Business & Phone Directories,1926,Directories,1926,Los Angeles Public Library
040428be-8b21-4de1-9b1e-3421068c0f1c/cl000000/20140507/00000015,https://rescarta.lapl.org/ResCarta-Web/jsp/RcWebImageViewer.jsp?doc_id=040428be-8b21-4de1-9b1e-3421068c0f1c/cl000000/20140507/00000015,Santa Monica City Directory 1925,1330,text,marcgt,eng,2014-05-07,"Los Angeles, CA",Country: USA State: CA County: Los Angeles City: Los Angeles,,Los Angeles Directory Co.,Historic City and Business & Phone Directories,1925,directory,1925,Los Angeles Public Library
040428be-8b21-4de1-9b1e-3421068c0f1c/cl000000/20150518/00000012,https://rescarta.lapl.org/ResCarta-Web/jsp/RcWebImageViewer.jsp?doc_id=040428be-8b21-4de1-9b1e-3421068c0f1c/cl000000/20150518/00000012,Los Angeles City Directory 1922,3304,text,marcgt,eng,2015-05-18,"Los Angeles, CA",Country: USA State: CA County: Los Angeles City: Los Angeles,,Los Angeles Directory Company,Historic City and Business & Phone Directories,1922,directory,1922,Los Angeles Public Library
040428be-8b21-4de1-9b1e-3421068c0f1c/cl000000/20140507/00000004,https://rescarta.lapl.org/ResCarta-Web/jsp/RcWebImageViewer.jsp?doc_id=040428be-8b21-4de1-9b1e-3421068c0f1c/cl000000/20140507/00000004,San Fernando Valley City Directory 1926,870,text,marcgt,eng,2014-05-07,"Los Angeles, CA",Country: USA State: CA County: Los Angeles City: Los Angeles,,Los Angeles Directory Co.,Historic City and Business & Phone Directories,1926,directory,1926,Los Angeles Public Library
040428be-8b21-4de1-9b1e-3421068c0f1c/cl000000/20140507/00000008,https://rescarta.lapl.org/ResCarta-Web/jsp/RcWebImageViewer.jsp?doc_id=040428be-8b21-4de1-9b1e-3421068c0f1c/cl000000/20140507/00000008,San Pedro City Directory 1926,740,text,marcgt,eng,2014-05-07,"Los Angeles, CA",Country: USA State: CA County: Los Angeles City: Los Angeles,,Los Angeles Directory Co.,Historic City and Business & Phone Directories,1926,directory,1926,Los Angeles Public Library
040428be-8b21-4de1-9b1e-3421068c0f1c/cl000000/20150604/00000002,https://rescarta.lapl.org/ResCarta-Web/jsp/RcWebImageViewer.jsp?doc_id=040428be-8b21-4de1-9b1e-3421068c0f1c/cl000000/20150604/00000002,Los Angeles City Directory 1928,2538,text,marcgt,eng,2015-06-04,"Los Angeles, CA",Country: USA State: CA County: Los Angeles City: Los Angeles,,Los Angeles Directory Company,Historic City and Business & Phone Directories,1928,directory,1928,Los Angeles Public Library
040428be-8b21-4de1-9b1e-3421068c0f1c/cl000000/20221230/00000006,https://rescarta.lapl.org/ResCarta-Web/jsp/RcWebImageViewer.jsp?doc_id=040428be-8b21-4de1-9b1e-3421068c0f1c/cl000000/20221230/00000006,San Pedro and Wilmington City Directory 1940,692,text,marcgt,eng,2022-12-30,,Country: USA State: CA County: Los Angeles City: San Pedro,,Los Angeles Directory Co,Historic City and Business & Phone Directories,,directory,1940,Los Angeles Public Library
040428be-8b21-4de1-9b1e-3421068c0f1c/cl000000/20150604/00000005,https://rescarta.lapl.org/ResCarta-Web/jsp/RcWebImageViewer.jsp?doc_id=040428be-8b21-4de1-9b1e-3421068c0f1c/cl000000/20150604/00000005,San Fernando Valley City Directory 1930,1050,text,marcgt,eng,2015-06-04,"Los Angeles, CA",Country: USA State: CA County: Los Angeles City: Los Angeles,,Los Angeles Directory Company,Historic City and Business & Phone Directories,1930,directory,1930,Los Angeles Public Library
040428be-8b21-4de1-9b1e-3421068c0f1c/cl000000/20140507/00000020,https://rescarta.lapl.org/ResCarta-Web/jsp/RcWebImageViewer.jsp?doc_id=040428be-8b21-4de1-9b1e-3421068c0f1c/cl000000/20140507/00000020,Westwood Hills City Directory 1934-1935,138,text,marcgt,eng,2014-05-07,"Los Angeles, CA",Country: USA State: CA County: Los Angeles City: Los Angeles,,Westwood Hills News,Historic City and Business & Phone Directories,1934-1935,directory,1934,Los Angeles Public Library
040428be-8b21-4de1-9b1e-3421068c0f1c/cl000000/20140507/00000009,https://rescarta.lapl.org/ResCarta-Web/jsp/RcWebImageViewer.jsp?doc_id=040428be-8b21-4de1-9b1e-3421068c0f1c/cl000000/20140507/00000009,San Pedro City Directory 1928,758,text,marcgt,eng,2014-05-07,"Los Angeles, CA",Country: USA State: CA County: Los Angeles City: Los Angeles,,Los Angeles Directory Company,Historic City and Business & Phone Directories,1928,directory,1928,Los Angeles Public Library
040428be-8b21-4de1-9b1e-3421068c0f1c/cl000000/20190311/00000004,https://rescarta.lapl.org/ResCarta-Web/jsp/RcWebImageViewer.jsp?doc_id=040428be-8b21-4de1-9b1e-3421068c0f1c/cl000000/20190311/00000004,Armenian Directory of the State of California 1933,217,text,marcgt,eng,2019-03-11,,Country: USA State: CA County: Los Angeles City: Los Angeles,,E. Harout,Historic City and Business & Phone Directories,,book,1933,Los Angeles Public Library
040428be-8b21-4de1-9b1e-3421068c0f1c/cl000000/20140507/00000025,https://rescarta.lapl.org/ResCarta-Web/jsp/RcWebImageViewer.jsp?doc_id=040428be-8b21-4de1-9b1e-3421068c0f1c/cl000000/20140507/00000025,Los Angeles Negro City Directory 1930-31,140,text,marcgt,eng,2014-05-07,"Los Angeles, CA",Country: USA State: CA County: Los Angeles City: Los Angeles,,California Eagle Pub. Co.,Historic City and Business & Phone Directories,1930-1931,directory,1930,Los Angeles Public Library
040428be-8b21-4de1-9b1e-3421068c0f1c/cl000000/20140507/00000018,https://rescarta.lapl.org/ResCarta-Web/jsp/RcWebImageViewer.jsp?doc_id=040428be-8b21-4de1-9b1e-3421068c0f1c/cl000000/20140507/00000018,Westwood Hills City Directory 1932-1933,120,text,marcgt,eng,2014-05-07,"Los Angeles, CA",Country: USA State: CA County: Los Angeles City: Los Angeles,,,Historic City and Business & Phone Directories,1932-1933,directory,1932,Los Angeles Public Library
040428be-8b21-4de1-9b1e-3421068c0f1c/cl000000/20140507/00000010,https://rescarta.lapl.org/ResCarta-Web/jsp/RcWebImageViewer.jsp?doc_id=040428be-8b21-4de1-9b1e-3421068c0f1c/cl000000/20140507/00000010,San Pedro City Directory 1930,894,text,marcgt,eng,2014-05-07,"Los Angeles, CA",Country: USA State: CA County: Los Angeles City: Los Angeles,,Los Angeles Directory Co.,Historic City and Business & Phone Directories,1930,directory,1930,Los Angeles Public Library
040428be-8b21-4de1-9b1e-3421068c0f1c/cl000000/20150604/00000003,https://rescarta.lapl.org/ResCarta-Web/jsp/RcWebImageViewer.jsp?doc_id=040428be-8b21-4de1-9b1e-3421068c0f1c/cl000000/20150604/00000003,Los Angeles City Directory 1930,2718,text,marcgt,eng,2015-06-04,"Los Angeles, CA",Country: USA State: CA County: Los Angeles City: Los Angeles,,Los Angeles Directory Company,Historic City and Business & Phone Directories,1930,directory,1930,Los Angeles Public Library
040428be-8b21-4de1-9b1e-3421068c0f1c/cl000000/20140507/00000019,https://rescarta.lapl.org/ResCarta-Web/jsp/RcWebImageViewer.jsp?doc_id=040428be-8b21-4de1-9b1e-3421068c0f1c/cl000000/20140507/00000019,Westwood Hills City Directory 1933-1934,88,text,marcgt,eng,2014-05-07,"Los Angeles, CA",Country: USA State: CA County: Los Angeles City: Los Angeles,,Westwood Directory Publishing Co.,Historic City and Business & Phone Directories,1933-1934,directory,1933,Los Angeles Public Library
040428be-8b21-4de1-9b1e-3421068c0f1c/cl000000/20190311/00000002,https://rescarta.lapl.org/ResCarta-Web/jsp/RcWebImageViewer.jsp?doc_id=040428be-8b21-4de1-9b1e-3421068c0f1c/cl000000/20190311/00000002,Los Angeles City Directory 1933,2303,text,marcgt,eng,2019-03-11,Los Angeles,Country: USA State: CA County: Los Angeles City: Los Angeles,,Los Angeles Directory Company,Historic City and Business & Phone Directories,,book,1933,Los Angeles Public Library
040428be-8b21-4de1-9b1e-3421068c0f1c/cl000000/20190311/00000008,https://rescarta.lapl.org/ResCarta-Web/jsp/RcWebImageViewer.jsp?doc_id=040428be-8b21-4de1-9b1e-3421068c0f1c/cl000000/20190311/00000008,Syrian Directory of the State of California 1932/33,113,text,marcgt,eng,2019-03-11,Los Angeles,Country: USA State: CA County: Los Angeles City: Los Angeles,,Rev. Elias Sady,Historic City and Business & Phone Directories,,book,1932,Los Angeles Public Library
040428be-8b21-4de1-9b1e-3421068c0f1c/cl000000/20150604/00000004,https://rescarta.lapl.org/ResCarta-Web/jsp/RcWebImageViewer.jsp?doc_id=040428be-8b21-4de1-9b1e-3421068c0f1c/cl000000/20150604/00000004,Los Angeles City Directory 1934,2072,text,marcgt,eng,2015-06-04,"Los Angeles, CA",Country: USA State: CA County: Los Angeles City: Los Angeles,,Los Angeles Directory Company,Historic City and Business & Phone Directories,1934,directory,1934,Los Angeles Public Library
040428be-8b21-4de1-9b1e-3421068c0f1c/cl000000/20190311/00000009,https://rescarta.lapl.org/ResCarta-Web/jsp/RcWebImageViewer.jsp?doc_id=040428be-8b21-4de1-9b1e-3421068c0f1c/cl000000/20190311/00000009,San Pedro City Directory 1932,769,text,marcgt,eng,2019-03-11,"Los Angeles, CA",Country: USA State: CA County: Los Angeles City: Los Angeles,,Los Angeles Directory Co.,Historic City and Business & Phone Directories,,book,1932,Los Angeles Public Library
040428be-8b21-4de1-9b1e-3421068c0f1c/cl000000/20190311/00000007,https://rescarta.lapl.org/ResCarta-Web/jsp/RcWebImageViewer.jsp?doc_id=040428be-8b21-4de1-9b1e-3421068c0f1c/cl000000/20190311/00000007,Syrian Directory of the State of California 1930,127,text,marcgt,eng,2019-03-11,"Los Angeles, CA",Country: USA State: CA County: Los Angeles City: Los Angeles,,Rev. Elias Sady,Historic City and Business & Phone Directories,,book,1930,Los Angeles Public Library
040428be-8b21-4de1-9b1e-3421068c0f1c/LPU00000/LL000003/00000002,https://rescarta.lapl.org/ResCarta-Web/jsp/RcWebImageViewer.jsp?doc_id=040428be-8b21-4de1-9b1e-3421068c0f1c/LPU00000/LL000003/00000002,Los Angeles Directory Co's Los Angeles City Directory 1936 Containing an Alphabetical Directory of Business Concerns and Private Citizens…,2294,text,LCSH,eng,2006-07-28,"Los Angeles, CA",Country: USA State: CA County: Los Angeles,Telephone Authority: LCSH,"Los Angeles Directory Co.,",Historic City and Business & Phone Directories,1936,Directories.,1936,Los Angeles Public Library
040428be-8b21-4de1-9b1e-3421068c0f1c/cl000000/20190731/00000007,https://rescarta.lapl.org/ResCarta-Web/jsp/RcWebImageViewer.jsp?doc_id=040428be-8b21-4de1-9b1e-3421068c0f1c/cl000000/20190731/00000007,Santa Monica City Directory 1940,569,text,marcgt,eng,2019-07-31,,Country: USA State: CA County: Los Angeles City: Santa Monica,,Los Angeles Directory Co.,Historic City and Business & Phone Directories,,book,1940,Los Angeles Public Library
040428be-8b21-4de1-9b1e-3421068c0f1c/cl000000/20150604/00000007,https://rescarta.lapl.org/ResCarta-Web/jsp/RcWebImageViewer.jsp?doc_id=040428be-8b21-4de1-9b1e-3421068c0f1c/cl000000/20150604/00000007,San Fernando Valley City Directory 1939-1940,678,text,marcgt,eng,2015-06-04,"Van Nuys, CA",Country: USA State: CA County: Los Angeles City: Los Angeles,,San Fernando Valley Directory Co.,Historic City and Business & Phone Directories,1939,directory,1939/1940,Los Angeles Public Library
040428be-8b21-4de1-9b1e-3421068c0f1c/cl000000/20190731/00000008,https://rescarta.lapl.org/ResCarta-Web/jsp/RcWebImageViewer.jsp?doc_id=040428be-8b21-4de1-9b1e-3421068c0f1c/cl000000/20190731/00000008,North Hollywood and Studio City Directory 1944,391,text,marcgt,eng,2019-07-31,,Country: USA State: CA County: Los Angeles City: North Hollywood,,North Hollywood Directory Co.,Historic City and Business & Phone Directories,,book,1944,Los Angeles Public Library
040428be-8b21-4de1-9b1e-3421068c0f1c/cl000000/20150604/00000012,https://rescarta.lapl.org/ResCarta-Web/jsp/RcWebImageViewer.jsp?doc_id=040428be-8b21-4de1-9b1e-3421068c0f1c/cl000000/20150604/00000012,Van Nuys City Directory 1945-1946,334,text,marcgt,eng,2015-06-04,"Glendale, CA",Country: USA State: CA County: Los Angeles City: Los Angeles,,Glendale Directory Co.,Historic City and Business & Phone Directories,1945,directory,1945/1946,Los Angeles Public Library
040428be-8b21-4de1-9b1e-3421068c0f1c/cl000000/20190731/00000009,https://rescarta.lapl.org/ResCarta-Web/jsp/RcWebImageViewer.jsp?doc_id=040428be-8b21-4de1-9b1e-3421068c0f1c/cl000000/20190731/00000009,North Hollywood and Studio City Directory 1946,439,text,marcgt,eng,2019-07-31,,Country: USA State: CA County: Los Angeles City: North Hollywood,,Glendale Directory Co.,Historic City and Business & Phone Directories,,book,1946,Los Angeles Public Library
040428be-8b21-4de1-9b1e-3421068c0f1c/cl000000/20190311/00000010,https://rescarta.lapl.org/ResCarta-Web/jsp/RcWebImageViewer.jsp?doc_id=040428be-8b21-4de1-9b1e-3421068c0f1c/cl000000/20190311/00000010,San Pedro City Directory 1937,786,text,marcgt,eng,2019-03-11,"Los Angeless, CA",Country: USA City: San Pedro,,Los Angeles Directory Co.,Historic City and Business & Phone Directories,,book,1937,Los Angeles Public Library
040428be-8b21-4de1-9b1e-3421068c0f1c/cl000000/20150604/00000008,https://rescarta.lapl.org/ResCarta-Web/jsp/RcWebImageViewer.jsp?doc_id=040428be-8b21-4de1-9b1e-3421068c0f1c/cl000000/20150604/00000008,San Pedro City Directory 1946,818,text,marcgt,eng,2015-06-04,"Los Angeles, CA",Country: USA State: CA County: Los Angeles City: Los Angeles,,Los Angeles Directory Company,Historic City and Business & Phone Directories,1946,directory,1946,Los Angeles Public Library
040428be-8b21-4de1-9b1e-3421068c0f1c/cl000000/20180218/00000005,https://rescarta.lapl.org/ResCarta-Web/jsp/RcWebImageViewer.jsp?doc_id=040428be-8b21-4de1-9b1e-3421068c0f1c/cl000000/20180218/00000005,Los Angeles City Directory 1935,2146,text,marcgt,eng,2018-02-18,"Los Angeles, CA",Country: USA State: CA County: Los Angeles City: Los Angeles,,Los Angeles City Directory Co.,Historic City and Business & Phone Directories,1935,directory,1935,Los Angeles Public Library
040428be-8b21-4de1-9b1e-3421068c0f1c/cl000000/20190311/00000005,https://rescarta.lapl.org/ResCarta-Web/jsp/RcWebImageViewer.jsp?doc_id=040428be-8b21-4de1-9b1e-3421068c0f1c/cl000000/20190311/00000005,Armenian Directory of the State of California 1940/41,155,text,marcgt,eng,2019-03-11,,Country: USA State: CA County: Los Angeles City: Los Angeles,,Yeghishe E. Harout,Historic City and Business & Phone Directories,,book,1940,Los Angeles Public Library
040428be-8b21-4de1-9b1e-3421068c0f1c/cl000000/20140507/00000005,https://rescarta.lapl.org/ResCarta-Web/jsp/RcWebImageViewer.jsp?doc_id=040428be-8b21-4de1-9b1e-3421068c0f1c/cl000000/20140507/00000005,San Fernando Valley City Directory 1928,956,text,marcgt,eng,2014-05-07,"Los Angeles, CA",Country: USA State: CA County: Los Angeles City: Los Angeles,,Los Angeles Directory Co.,Historic City and Business & Phone Directories,1928,directory,1928,Los Angeles Public Library
040428be-8b21-4de1-9b1e-3421068c0f1c/cl000000/20150604/00000006,https://rescarta.lapl.org/ResCarta-Web/jsp/RcWebImageViewer.jsp?doc_id=040428be-8b21-4de1-9b1e-3421068c0f1c/cl000000/20150604/00000006,San Fernando Valley City Directory 1937-1938,468,text,marcgt,eng,2015-06-04,"Van Nuys, CA",Country: USA State: CA County: Los Angeles City: Los Angeles,,A to Z Directory Publishers,Historic City and Business & Phone Directories,1937,directory,1937/1938,Los Angeles Public Library
040428be-8b21-4de1-9b1e-3421068c0f1c/LPU00000/LL000003/00000004,https://rescarta.lapl.org/ResCarta-Web/jsp/RcWebImageViewer.jsp?doc_id=040428be-8b21-4de1-9b1e-3421068c0f1c/LPU00000/LL000003/00000004,Los Angeles Directory Co's Los Angeles City Directory 1939 Containing an Alphabetical Directory of Business Concerns and Private Citizens…,2608,text,LCSH,eng,2006-07-28,"Los Angeles, CA",Country: USA State: CA County: Los Angeles,Telephone Authority: LCSH,"Los Angeles Directory Co.,",Historic City and Business & Phone Directories,1939,Directories.,1939,Los Angeles Public Library
040428be-8b21-4de1-9b1e-3421068c0f1c/cl000000/20170519/00000003,https://rescarta.lapl.org/ResCarta-Web/jsp/RcWebImageViewer.jsp?doc_id=040428be-8b21-4de1-9b1e-3421068c0f1c/cl000000/20170519/00000003,Los Angeles City Directory 1931,2710,text,marcgt,eng,2017-05-19,"Los Angeles, CA",Country: USA State: CA County: Los Angeles City: Los Angeles,,Los Angeles Directory Co.,Historic City and Business & Phone Directories,1931,directory,1931,Los Angeles Public Library
040428be-8b21-4de1-9b1e-3421068c0f1c/LPU00000/LL000003/00000003,https://rescarta.lapl.org/ResCarta-Web/jsp/RcWebImageViewer.jsp?doc_id=040428be-8b21-4de1-9b1e-3421068c0f1c/LPU00000/LL000003/00000003,Los Angeles Directory Co's Los Angeles City Directory 1938 Containing an Alphabetical Directory of Business Concerns and Private Citizens…,2584,text,LCSH,eng,2006-07-28,"Los Angeles, CA",Country: USA State: CA County: Los Angeles,Telephone Authority: LCSH,"Los Angeles Directory Co.,",Historic City and Business & Phone Directories,1938,Directories.,1938,Los Angeles Public Library
040428be-8b21-4de1-9b1e-3421068c0f1c/cl000000/20190731/00000006,https://rescarta.lapl.org/ResCarta-Web/jsp/RcWebImageViewer.jsp?doc_id=040428be-8b21-4de1-9b1e-3421068c0f1c/cl000000/20190731/00000006,Santa Monica and Venice City Directory 1938,917,text,marcgt,eng,2019-07-31,,Country: USA State: CA County: Los Angeles City: Santa Monica,,Los Angeles Directory Co.,Historic City and Business & Phone Directories,,book,1938,Los Angeles Public Library
040428be-8b21-4de1-9b1e-3421068c0f1c/cl000000/20221230/00000011,https://rescarta.lapl.org/ResCarta-Web/jsp/RcWebImageViewer.jsp?doc_id=040428be-8b21-4de1-9b1e-3421068c0f1c/cl000000/20221230/00000011,"Santa Monica, Ocean Park, Venice, West L.A., Brentwood Heights City Directory 1933",779,text,marcgt,eng,2022-12-30,,Country: USA State: CA County: Los Angeles,,Los Angeles Directory Co,Historic City and Business & Phone Directories,,directory,1933,Los Angeles Public Library
040428be-8b21-4de1-9b1e-3421068c0f1c/LPU00000/LL000007/00000001,https://rescarta.lapl.org/ResCarta-Web/jsp/RcWebImageViewer.jsp?doc_id=040428be-8b21-4de1-9b1e-3421068c0f1c/LPU00000/LL000007/00000001,Los Angeles Directory Co's Los Angeles City Directory 1932 Containing an Alphabetical Directory of Business Concerns and Private Citizens…,2712,text,marcgt,eng,2010-10-11,"Los Angeles, Cal.",Country: USA State: CA County: Wayne,Telephone Authority: LCSH,Los Angeles Directory Co.,Historic City and Business & Phone Directories,1932,Directories,1932,Los Angeles Public Library
040428be-8b21-4de1-9b1e-3421068c0f1c/LPU00000/LL000003/00000001,https://rescarta.lapl.org/ResCarta-Web/jsp/RcWebImageViewer.jsp?doc_id=040428be-8b21-4de1-9b1e-3421068c0f1c/LPU00000/LL000003/00000001,Los Angeles Directory Co's Los Angeles City Directory 1929 Embracing an Alphabetically arranged List of Business Houses and Private Citize…,2594,text,LCSH,eng,2006-07-28,"Los Angeles, CA",Country: USA State: CA County: Los Angeles,Telephone Authority: LCSH,"The Los Angeles Directory Co.,",Historic City and Business & Phone Directories,1929,Directories.,1929,Los Angeles Public Library
040428be-8b21-4de1-9b1e-3421068c0f1c/cl000000/20180218/00000006,https://rescarta.lapl.org/ResCarta-Web/jsp/RcWebImageViewer.jsp?doc_id=040428be-8b21-4de1-9b1e-3421068c0f1c/cl000000/20180218/00000006,Los Angeles City Directory 1937,2486,text,marcgt,eng,2018-02-18,"Los Angeles, CA",Country: USA State: CA County: Los Angeles City: Los Angeles,,Los Angeles City Directory Co.,Historic City and Business & Phone Directories,1937,directory,1937,Los Angeles Public Library
040428be-8b21-4de1-9b1e-3421068c0f1c/cl000000/20190311/00000003,https://rescarta.lapl.org/ResCarta-Web/jsp/RcWebImageViewer.jsp?doc_id=040428be-8b21-4de1-9b1e-3421068c0f1c/cl000000/20190311/00000003,Armenian Directory of the State of California 1932,133,text,marcgt,eng,2019-03-11,,Country: USA State: CA County: Los Angeles City: Los Angeles,,E. Harout,Historic City and Business & Phone Directories,,book,1932,Los Angeles Public Library
040428be-8b21-4de1-9b1e-3421068c0f1c/cl000000/20190731/00000005,https://rescarta.lapl.org/ResCarta-Web/jsp/RcWebImageViewer.jsp?doc_id=040428be-8b21-4de1-9b1e-3421068c0f1c/cl000000/20190731/00000005,Santa Monica and Venice City Directory 1936,783,text,marcgt,eng,2019-07-31,,Country: USA State: CA County: Los Angeles City: Santa Monica,,Los Angeles Directory Co.,Historic City and Business & Phone Directories,,book,1936,Los Angeles Public Library
040428be-8b21-4de1-9b1e-3421068c0f1c/cl000000/20221230/00000015,https://rescarta.lapl.org/ResCarta-Web/jsp/RcWebImageViewer.jsp?doc_id=040428be-8b21-4de1-9b1e-3421068c0f1c/cl000000/20221230/00000015,Los Angeles City Business Directory Including Surrounding Towns 1928,1763,text,marcgt,eng,2022-12-30,,Country: USA State: CA County: Los Angeles City: Los Angeles,,City Business Directory Assn,Historic City and Business & Phone Directories,,directory,1928,Los Angeles Public Library
040428be-8b21-4de1-9b1e-3421068c0f1c/cl000000/20221230/00000009,https://rescarta.lapl.org/ResCarta-Web/jsp/RcWebImageViewer.jsp?doc_id=040428be-8b21-4de1-9b1e-3421068c0f1c/cl000000/20221230/00000009,"Santa Monica, Ocean Park, Venice, Sawtelle, Brentwood Heights City Directory 1928",949,text,marcgt,eng,2022-12-30,,Country: USA State: CA County: Los Angeles City: Los Angeles,,Los Angeles Directory Co,Historic City and Business & Phone Directories,,directory,1928,Los Angeles Public Library
040428be-8b21-4de1-9b1e-3421068c0f1c/cl000000/20180218/00000007,https://rescarta.lapl.org/ResCarta-Web/jsp/RcWebImageViewer.jsp?doc_id=040428be-8b21-4de1-9b1e-3421068c0f1c/cl000000/20180218/00000007,Los Angeles City Directory 1940,2472,text,marcgt,eng,2018-02-18,"Los Angeles City Directory, CA",Country: USA State: CA County: Los Angeles City: Los Angeles,,"Los Angeles City Directory Co,",Historic City and Business & Phone Directories,1940,directory,1940,Los Angeles Public Library
040428be-8b21-4de1-9b1e-3421068c0f1c/cl000000/20180218/00000008,https://rescarta.lapl.org/ResCarta-Web/jsp/RcWebImageViewer.jsp?doc_id=040428be-8b21-4de1-9b1e-3421068c0f1c/cl000000/20180218/00000008,Los Angeles City Directory 1941,2856,text,marcgt,eng,2018-02-18,"Los Angeles, CA",Country: USA State: CA County: Los Angeles City: Los Angeles,,Los Angeles City Directory Co.,Historic City and Business & Phone Directories,1941,directory,1941,Los Angeles Public Library
040428be-8b21-4de1-9b1e-3421068c0f1c/cl000000/20220701/00000003,https://rescarta.lapl.org/ResCarta-Web/jsp/RcWebImageViewer.jsp?doc_id=040428be-8b21-4de1-9b1e-3421068c0f1c/cl000000/20220701/00000003,"Baumgardt Hollywood city directory, Los Angeles County California. 1928",162,text,marcgt,eng,2022-07-01,,,,,Historic City and Business & Phone Directories,1928,directory,1928,Los Angeles Public Library
040428be-8b21-4de1-9b1e-3421068c0f1c/LPU00000/LL000004/00000001,https://rescarta.lapl.org/ResCarta-Web/jsp/RcWebImageViewer.jsp?doc_id=040428be-8b21-4de1-9b1e-3421068c0f1c/LPU00000/LL000004/00000001,Los Angeles Directory Co's Los Angeles City Directory 1942 Containing an Alphabetical Directory of Business Concerns and Private Citizens…,3000,text,LCSH,eng,2006-07-28,"Los Angeles, CA",Country: USA State: CA County: Los Angeles,Telephone Authority: LCSH,"Los Angeles Directory Co.,",Historic City and Business & Phone Directories,1942,Directories.,1942,Los Angeles Public Library
040428be-8b21-4de1-9b1e-3421068c0f1c/cl000000/20190731/00000010,https://rescarta.lapl.org/ResCarta-Web/jsp/RcWebImageViewer.jsp?doc_id=040428be-8b21-4de1-9b1e-3421068c0f1c/cl000000/20190731/00000010,Santa Monica City Directory 1947-1948,1173,text,marcgt,eng,2019-07-31,,Country: USA State: CA County: Los Angeles City: Santa Monica,,Los Angeles Directory Co.,Historic City and Business & Phone Directories,,book,1947/1948,Los Angeles Public Library
040428be-8b21-4de1-9b1e-3421068c0f1c/cl000000/20140507/00000017,https://rescarta.lapl.org/ResCarta-Web/jsp/RcWebImageViewer.jsp?doc_id=040428be-8b21-4de1-9b1e-3421068c0f1c/cl000000/20140507/00000017,Watts City Directory 1932,178,text,marcgt,eng,2014-05-07,"Los Angeles, CA",Country: USA State: CA County: Los Angeles City: Los Angeles,,Newton Directory Co.,Historic City and Business & Phone Directories,1932,directory,1932,Los Angeles Public Library
040428be-8b21-4de1-9b1e-3421068c0f1c/cl000000/20190311/00000006,https://rescarta.lapl.org/ResCarta-Web/jsp/RcWebImageViewer.jsp?doc_id=040428be-8b21-4de1-9b1e-3421068c0f1c/cl000000/20190311/00000006,Syrian Directory of the State of California 1928,65,text,marcgt,eng,2019-03-11,,Country: USA State: CA County: Los Angeles City: Los Angeles,,Rev. Elias Sady,Historic City and Business & Phone Directories,,book,1928,Los Angeles Public Library
040428be-8b21-4de1-9b1e-3421068c0f1c/cl000000/20221230/00000010,https://rescarta.lapl.org/ResCarta-Web/jsp/RcWebImageViewer.jsp?doc_id=040428be-8b21-4de1-9b1e-3421068c0f1c/cl000000/20221230/00000010,"Santa Monica, Ocean Park, Venice, West L.A., Brentwood Heights City Directory 1930-1931",993,text,marcgt,eng,2022-12-30,,Country: USA State: CA County: Los Angeles City: Santa Monica,,Association of North American Directory Publishers,Historic City and Business & Phone Directories,,directory,1930/1931,Los Angeles Public Library
040428be-8b21-4de1-9b1e-3421068c0f1c/cl000000/20190731/00000020,https://rescarta.lapl.org/ResCarta-Web/jsp/RcWebImageViewer.jsp?doc_id=040428be-8b21-4de1-9b1e-3421068c0f1c/cl000000/20190731/00000020,Northridge and Chatsworth City Directory 1965-1966,163,text,marcgt,eng,2019-07-31,,Country: USA State: CA County: Los Angeles City: Northridge,,B & G Publications,Historic City and Business & Phone Directories,,book,1965/1966,Los Angeles Public Library
040428be-8b21-4de1-9b1e-3421068c0f1c/cl000000/20190311/00000011,https://rescarta.lapl.org/ResCarta-Web/jsp/RcWebImageViewer.jsp?doc_id=040428be-8b21-4de1-9b1e-3421068c0f1c/cl000000/20190311/00000011,San Pedro City Directory 1949,939,text,marcgt,eng,2019-03-11,"Los Angeles, CA",Country: USA State: CA County: Los Angeles City: Los Angeles,,Los Angeles Directory Co.,Historic City and Business & Phone Directories,,book,1949,Los Angeles Public Library
026bc4f2-52f9-4cbf-b1e4-12291b1cd6d0/LPU00000/LL000001/00000009,https://rescarta.lapl.org/ResCarta-Web/jsp/RcWebImageViewer.jsp?doc_id=026bc4f2-52f9-4cbf-b1e4-12291b1cd6d0/LPU00000/LL000001/00000009,"Los Angeles Street Address Directory, 1967, April",768,text,LCSH,eng,2006-07-28,,Country: USA State: CA County: Los Angeles,Telephone Authority: LCSH,,Los Angeles Street - Reverse Directories,1967,Directories.,1967,Los Angeles Public Library
040428be-8b21-4de1-9b1e-3421068c0f1c/cl000000/20150604/00000009,https://rescarta.lapl.org/ResCarta-Web/jsp/RcWebImageViewer.jsp?doc_id=040428be-8b21-4de1-9b1e-3421068c0f1c/cl000000/20150604/00000009,Sunland-Tujunga City Directory 1949,196,text,marcgt,eng,2015-06-04,"Tujunga, CA",Country: USA State: CA County: Los Angeles City: Los Angeles,,American Directory Co.,Historic City and Business & Phone Directories,1949,directory,1949,Los Angeles Public Library
040428be-8b21-4de1-9b1e-3421068c0f1c/cl000000/20221230/00000003,https://rescarta.lapl.org/ResCarta-Web/jsp/RcWebImageViewer.jsp?doc_id=040428be-8b21-4de1-9b1e-3421068c0f1c/cl000000/20221230/00000003,"Granada Hills, Mission Hills, Sepulveda Telephone and Street Directory 1971",261,text,marcgt,eng,2022-12-30,,Country: USA State: CA County: Los Angeles City: Northridge,,B & G Publications,Historic City and Business & Phone Directories,,directory,1971,Los Angeles Public Library
040428be-8b21-4de1-9b1e-3421068c0f1c/cl000000/20221230/00000002,https://rescarta.lapl.org/ResCarta-Web/jsp/RcWebImageViewer.jsp?doc_id=040428be-8b21-4de1-9b1e-3421068c0f1c/cl000000/20221230/00000002,"Granada Hills, Mission Hills, Sepulveda City and Street Directory 1966",263,text,marcgt,eng,2022-12-30,,Country: USA State: CA County: Los Angeles City: Northridge,,B & G Publications,Historic City and Business & Phone Directories,,directory,1966,Los Angeles Public Library
040428be-8b21-4de1-9b1e-3421068c0f1c/cl000000/20150604/00000010,https://rescarta.lapl.org/ResCarta-Web/jsp/RcWebImageViewer.jsp?doc_id=040428be-8b21-4de1-9b1e-3421068c0f1c/cl000000/20150604/00000010,Sunland-Tujunga City Directory 1959,292,text,marcgt,eng,2015-06-04,"Tujunga, CA",Country: USA State: CA County: Los Angeles City: Los Angeles,,American Directory Co.,Historic City and Business & Phone Directories,1959,directory,1959,Los Angeles Public Library
040428be-8b21-4de1-9b1e-3421068c0f1c/cl000000/20190731/00000021,https://rescarta.lapl.org/ResCarta-Web/jsp/RcWebImageViewer.jsp?doc_id=040428be-8b21-4de1-9b1e-3421068c0f1c/cl000000/20190731/00000021,Sunland-Tujunga City Directory 1966,251,text,marcgt,eng,2019-07-31,,Country: USA State: CA County: Los Angeles City: Sunland,,American Directory Co.,Historic City and Business & Phone Directories,,book,1966,Los Angeles Public Library
026bc4f2-52f9-4cbf-b1e4-12291b1cd6d0/LPU00000/LL000001/00000007,https://rescarta.lapl.org/ResCarta-Web/jsp/RcWebImageViewer.jsp?doc_id=026bc4f2-52f9-4cbf-b1e4-12291b1cd6d0/LPU00000/LL000001/00000007,"Los Angeles Street Address Directory, 1965, April",776,text,LCSH,eng,2006-07-28,,Country: USA State: CA County: Los Angeles,Telephone Authority: LCSH,,Los Angeles Street - Reverse Directories,1965,Directories.,1965,Los Angeles Public Library
040428be-8b21-4de1-9b1e-3421068c0f1c/cl000000/20190731/00000017,https://rescarta.lapl.org/ResCarta-Web/jsp/RcWebImageViewer.jsp?doc_id=040428be-8b21-4de1-9b1e-3421068c0f1c/cl000000/20190731/00000017,Granada Hills City Directory 1963,197,text,marcgt,eng,2019-07-31,,Country: USA State: CA County: Los Angeles City: Granada Hills,,B & G Publications,Historic City and Business & Phone Directories,,book,1963,Los Angeles Public Library
040428be-8b21-4de1-9b1e-3421068c0f1c/cl000000/20150604/00000011,https://rescarta.lapl.org/ResCarta-Web/jsp/RcWebImageViewer.jsp?doc_id=040428be-8b21-4de1-9b1e-3421068c0f1c/cl000000/20150604/00000011,Sunland-Tujunga City Directory 1969-1970,244,text,marcgt,eng,2015-06-04,"Tujunga, CA",Country: USA State: CA County: Los Angeles City: Los Angeles,,American Directory Co.,Historic City and Business & Phone Directories,1969,directory,1969/1970,Los Angeles Public Library
040428be-8b21-4de1-9b1e-3421068c0f1c/cl000000/20221230/00000016,https://rescarta.lapl.org/ResCarta-Web/jsp/RcWebImageViewer.jsp?doc_id=040428be-8b21-4de1-9b1e-3421068c0f1c/cl000000/20221230/00000016,Westside City Directory 1965,328,text,marcgt,eng,2022-12-30,,Country: USA State: CA County: Los Angeles City: Beverly Hills,,City Directories Inc.,Historic City and Business & Phone Directories,,directory,1965,Los Angeles Public Library
040428be-8b21-4de1-9b1e-3421068c0f1c/cl000000/20190731/00000019,https://rescarta.lapl.org/ResCarta-Web/jsp/RcWebImageViewer.jsp?doc_id=040428be-8b21-4de1-9b1e-3421068c0f1c/cl000000/20190731/00000019,Granada Hills City Directory 1965,271,text,marcgt,eng,2019-07-31,,Country: USA State: CA County: Los Angeles City: Granada Hills,,B & G Publications,Historic City and Business & Phone Directories,,book,1965,Los Angeles Public Library
040428be-8b21-4de1-9b1e-3421068c0f1c/cl000000/20220701/00000021,https://rescarta.lapl.org/ResCarta-Web/jsp/RcWebImageViewer.jsp?doc_id=040428be-8b21-4de1-9b1e-3421068c0f1c/cl000000/20220701/00000021,"Santa Monica, Brentwood Heights, and Ocean Park City Directory 1952-1953",892,text,marcgt,eng,2022-07-01,,,,,Historic City and Business & Phone Directories,1952/1953,directory,1952/1953,Los Angeles Public Library
040428be-8b21-4de1-9b1e-3421068c0f1c/cl000000/20190731/00000013,https://rescarta.lapl.org/ResCarta-Web/jsp/RcWebImageViewer.jsp?doc_id=040428be-8b21-4de1-9b1e-3421068c0f1c/cl000000/20190731/00000013,Sunland-Tujunga City Directory 1956,323,text,marcgt,eng,2019-07-31,,Country: USA State: CA County: Los Angeles City: Tujunga,,American Directory Co.,Historic City and Business & Phone Directories,,book,1956,Los Angeles Public Library
040428be-8b21-4de1-9b1e-3421068c0f1c/cl000000/20190311/00000012,https://rescarta.lapl.org/ResCarta-Web/jsp/RcWebImageViewer.jsp?doc_id=040428be-8b21-4de1-9b1e-3421068c0f1c/cl000000/20190311/00000012,San Pedro City Directory 1952,603,text,marcgt,eng,2019-03-11,"Los Angeles, CA",Country: USA State: CA County: Los Angeles City: San Pedro,,R. L. Polk & Co.,Historic City and Business & Phone Directories,,book,1952,Los Angeles Public Library
026bc4f2-52f9-4cbf-b1e4-12291b1cd6d0/LPU00000/LL000001/00000001,https://rescarta.lapl.org/ResCarta-Web/jsp/RcWebImageViewer.jsp?doc_id=026bc4f2-52f9-4cbf-b1e4-12291b1cd6d0/LPU00000/LL000001/00000001,"Los Angeles Street Address Directory, 1956, May",1074,text,LCSH,eng,2006-07-28,,Country: USA State: CA County: Los Angeles,Telephone Authority: LCSH,,Los Angeles Street - Reverse Directories,1956,Directories.,1956,Los Angeles Public Library
040428be-8b21-4de1-9b1e-3421068c0f1c/cl000000/20150604/00000013,https://rescarta.lapl.org/ResCarta-Web/jsp/RcWebImageViewer.jsp?doc_id=040428be-8b21-4de1-9b1e-3421068c0f1c/cl000000/20150604/00000013,Van Nuys City Directory 1961-1962,826,text,marcgt,eng,2015-06-04,,Country: USA State: CA County: Los Angeles City: Los Angeles,,,Historic City and Business & Phone Directories,1961,directory,1961/1962,Los Angeles Public Library
026bc4f2-52f9-4cbf-b1e4-12291b1cd6d0/LPU00000/LL000001/00000002,https://rescarta.lapl.org/ResCarta-Web/jsp/RcWebImageViewer.jsp?doc_id=026bc4f2-52f9-4cbf-b1e4-12291b1cd6d0/LPU00000/LL000001/00000002,"Los Angeles Street Address Directory, 1960, March",1122,text,LCSH,eng,2006-07-28,,Country: USA State: CA County: Los Angeles,Telephone Authority: LCSH,,Los Angeles Street - Reverse Directories,1960,Directories.,1960,Los Angeles Public Library
040428be-8b21-4de1-9b1e-3421068c0f1c/cl000000/20190731/00000016,https://rescarta.lapl.org/ResCarta-Web/jsp/RcWebImageViewer.jsp?doc_id=040428be-8b21-4de1-9b1e-3421068c0f1c/cl000000/20190731/00000016,West Los Angeles City Directory 1961,457,text,marcgt,eng,2019-07-31,,Country: USA State: CA County: Los Angeles City: West Los Angeles,,"S & K Publications, Inc.",Historic City and Business & Phone Directories,,book,1961,Los Angeles Public Library
040428be-8b21-4de1-9b1e-3421068c0f1c/cl000000/20190731/00000015,https://rescarta.lapl.org/ResCarta-Web/jsp/RcWebImageViewer.jsp?doc_id=040428be-8b21-4de1-9b1e-3421068c0f1c/cl000000/20190731/00000015,San Pedro City Directory 1959,971,text,marcgt,eng,2019-07-31,,Country: USA State: CA County: Los Angeles City: San Pedro,,R. L. Polk & Co.,Historic City and Business & Phone Directories,,book,1959,Los Angeles Public Library
040428be-8b21-4de1-9b1e-3421068c0f1c/cl000000/20220701/00000010,https://rescarta.lapl.org/ResCarta-Web/jsp/RcWebImageViewer.jsp?doc_id=040428be-8b21-4de1-9b1e-3421068c0f1c/cl000000/20220701/00000010,"Granada Hills, Mission Hills, Sepulveda City and Street Directory 1968",282,text,marcgt,eng,2022-07-01,,,,,Historic City and Business & Phone Directories,1968,directory,1968,Los Angeles Public Library
026bc4f2-52f9-4cbf-b1e4-12291b1cd6d0/LPU00000/LL000001/00000010,https://rescarta.lapl.org/ResCarta-Web/jsp/RcWebImageViewer.jsp?doc_id=026bc4f2-52f9-4cbf-b1e4-12291b1cd6d0/LPU00000/LL000001/00000010,"Los Angeles Street Address Directory, 1968, April",750,text,LCSH,eng,2006-07-28,,Country: USA State: CA County: Los Angeles,Telephone Authority: LCSH,,Los Angeles Street - Reverse Directories,1968,Directories.,1968,Los Angeles Public Library
026bc4f2-52f9-4cbf-b1e4-12291b1cd6d0/LPU00000/LL000001/00000004,https://rescarta.lapl.org/ResCarta-Web/jsp/RcWebImageViewer.jsp?doc_id=026bc4f2-52f9-4cbf-b1e4-12291b1cd6d0/LPU00000/LL000001/00000004,"Los Angeles Street Address Directory, 1962, July",790,text,LCSH,eng,2006-07-28,,Country: USA State: CA County: Los Angeles,Telephone Authority: LCSH,,Los Angeles Street - Reverse Directories,1962,Directories.,1962,Los Angeles Public Library
026bc4f2-52f9-4cbf-b1e4-12291b1cd6d0/LPU00000/LL000001/00000006,https://rescarta.lapl.org/ResCarta-Web/jsp/RcWebImageViewer.jsp?doc_id=026bc4f2-52f9-4cbf-b1e4-12291b1cd6d0/LPU00000/LL000001/00000006,"Los Angeles Street Address Directory, 1964, April",782,text,LCSH,eng,2006-07-28,,Country: USA State: CA County: Los Angeles,Telephone Authority: LCSH,,Los Angeles Street - Reverse Directories,1964,Directories.,1964,Los Angeles Public Library
040428be-8b21-4de1-9b1e-3421068c0f1c/cl000000/20190731/00000018,https://rescarta.lapl.org/ResCarta-Web/jsp/RcWebImageViewer.jsp?doc_id=040428be-8b21-4de1-9b1e-3421068c0f1c/cl000000/20190731/00000018,Northridge and Chatsworth City Directory 1964,131,text,marcgt,eng,2019-07-31,,Country: USA State: CA County: Los Angeles City: Northridge,,B & G Publications,Historic City and Business & Phone Directories,,book,1964,Los Angeles Public Library
026bc4f2-52f9-4cbf-b1e4-12291b1cd6d0/LPU00000/LL000001/00000011,https://rescarta.lapl.org/ResCarta-Web/jsp/RcWebImageViewer.jsp?doc_id=026bc4f2-52f9-4cbf-b1e4-12291b1cd6d0/LPU00000/LL000001/00000011,"Los Angeles Street Address Directory, 1969, January",742,text,LCSH,eng,2006-07-28,,Country: USA State: CA County: Los Angeles,Telephone Authority: LCSH,,Los Angeles Street - Reverse Directories,1969,Directories.,1969,Los Angeles Public Library
026bc4f2-52f9-4cbf-b1e4-12291b1cd6d0/LPU00000/LL000002/00000001,https://rescarta.lapl.org/ResCarta-Web/jsp/RcWebImageViewer.jsp?doc_id=026bc4f2-52f9-4cbf-b1e4-12291b1cd6d0/LPU00000/LL000002/00000001,"Los Angeles Street Address Directory, 1973, July",560,text,LCSH,eng,2006-07-28,,Country: USA State: CA County: Los Angeles,Telephone Authority: LCSH,,Los Angeles Street - Reverse Directories,1973,Directories.,1973,Los Angeles Public Library
040428be-8b21-4de1-9b1e-3421068c0f1c/cl000000/20190731/00000022,https://rescarta.lapl.org/ResCarta-Web/jsp/RcWebImageViewer.jsp?doc_id=040428be-8b21-4de1-9b1e-3421068c0f1c/cl000000/20190731/00000022,Sunland-Tujunga City Directory 1973-1974,267,text,marcgt,eng,2019-07-31,,Country: USA State: CA County: Los Angeles City: Sunland,,American Directory Co.,Historic City and Business & Phone Directories,,book,1973/1974,Los Angeles Public Library
026bc4f2-52f9-4cbf-b1e4-12291b1cd6d0/LPU00000/LL000001/00000003,https://rescarta.lapl.org/ResCarta-Web/jsp/RcWebImageViewer.jsp?doc_id=026bc4f2-52f9-4cbf-b1e4-12291b1cd6d0/LPU00000/LL000001/00000003,"Los Angeles Street Address Directory, 1961, October",954,text,LCSH,eng,2006-07-28,,Country: USA State: CA County: Los Angeles,Telephone Authority: LCSH,,Los Angeles Street - Reverse Directories,1961,Directories.,1961,Los Angeles Public Library
040428be-8b21-4de1-9b1e-3421068c0f1c/cl000000/20190731/00000012,https://rescarta.lapl.org/ResCarta-Web/jsp/RcWebImageViewer.jsp?doc_id=040428be-8b21-4de1-9b1e-3421068c0f1c/cl000000/20190731/00000012,"Westwood, Brentwood and Bel-Air City Directory 1955-56",421,text,marcgt,eng,2019-07-31,,Country: USA State: CA County: Los Angeles City: Westwood,,City Directory Co.,Historic City and Business & Phone Directories,,book,1955/1956,Los Angeles Public Library
026bc4f2-52f9-4cbf-b1e4-12291b1cd6d0/LPU00000/LL000001/00000008,https://rescarta.lapl.org/ResCarta-Web/jsp/RcWebImageViewer.jsp?doc_id=026bc4f2-52f9-4cbf-b1e4-12291b1cd6d0/LPU00000/LL000001/00000008,"Los Angeles Street Address Directory, 1965, July",774,text,LCSH,eng,2006-07-28,,Country: USA State: CA County: Los Angeles,Telephone Authority: LCSH,,Los Angeles Street - Reverse Directories,1965,Directories.,1965,Los Angeles Public Library
040428be-8b21-4de1-9b1e-3421068c0f1c/cl000000/20221230/00000001,https://rescarta.lapl.org/ResCarta-Web/jsp/RcWebImageViewer.jsp?doc_id=040428be-8b21-4de1-9b1e-3421068c0f1c/cl000000/20221230/00000001,"Granada Hills, Mission Hills, Sepulveda City and Street Directory 1964",265,text,marcgt,eng,2022-12-30,,Country: USA State: CA County: Los Angeles City: San Fernando,,B & G Publications,Historic City and Business & Phone Directories,,directory,1964,Los Angeles Public Library
026bc4f2-52f9-4cbf-b1e4-12291b1cd6d0/LPU00000/LL000001/00000005,https://rescarta.lapl.org/ResCarta-Web/jsp/RcWebImageViewer.jsp?doc_id=026bc4f2-52f9-4cbf-b1e4-12291b1cd6d0/LPU00000/LL000001/00000005,"Los Angeles Street Address Directory, 1963, July",798,text,LCSH,eng,2006-07-28,,Country: USA State: CA County: Los Angeles,Telephone Authority: LCSH,,Los Angeles Street - Reverse Directories,1963,Directories.,1963,Los Angeles Public Library
040428be-8b21-4de1-9b1e-3421068c0f1c/cl000000/20190731/00000014,https://rescarta.lapl.org/ResCarta-Web/jsp/RcWebImageViewer.jsp?doc_id=040428be-8b21-4de1-9b1e-3421068c0f1c/cl000000/20190731/00000014,"Westwood, Brentwood and Bel-Air City Directory 1956-57",353,text,marcgt,eng,2019-07-31,,Country: USA State: CA County: Los Angeles City: Westwood,,City Directory Co.,Historic City and Business & Phone Directories,,book,1956/1957,Los Angeles Public Library
040428be-8b21-4de1-9b1e-3421068c0f1c/cl000000/20190311/00000013,https://rescarta.lapl.org/ResCarta-Web/jsp/RcWebImageViewer.jsp?doc_id=040428be-8b21-4de1-9b1e-3421068c0f1c/cl000000/20190311/00000013,San Pedro City Directory 1956,793,text,marcgt,eng,2019-03-11,"Los Angeles, CA",Country: USA State: CA County: Los Angeles City: San Pedro,,R. L. Polk & Co.,Historic City and Business & Phone Directories,,book,1956,Los Angeles Public Library
040428be-8b21-4de1-9b1e-3421068c0f1c/cl000000/20190311/00000014,https://rescarta.lapl.org/ResCarta-Web/jsp/RcWebImageViewer.jsp?doc_id=040428be-8b21-4de1-9b1e-3421068c0f1c/cl000000/20190311/00000014,San Pedro City Directory 1957,727,text,marcgt,eng,2019-03-11,"Los Angeles, CA",Country: USA State: CA County: Los Angeles City: San Pedro,,R. L. Polk & Co.,Historic City and Business & Phone Directories,,book,1957,Los Angeles Public Library
040428be-8b21-4de1-9b1e-3421068c0f1c/cl000000/20190731/00000011,https://rescarta.lapl.org/ResCarta-Web/jsp/RcWebImageViewer.jsp?doc_id=040428be-8b21-4de1-9b1e-3421068c0f1c/cl000000/20190731/00000011,Sunland-Tujunga City Directory 1948,117,text,marcgt,eng,2019-07-31,,Country: USA State: CA County: Los Angeles City: Tujunga,,American Directory Co.,Historic City and Business & Phone Directories,,book,1948,Los Angeles Public Library
040428be-8b21-4de1-9b1e-3421068c0f1c/cl000000/20150604/00000015,https://rescarta.lapl.org/ResCarta-Web/jsp/RcWebImageViewer.jsp?doc_id=040428be-8b21-4de1-9b1e-3421068c0f1c/cl000000/20150604/00000015,Westwood City Directory 1958-1959,216,text,marcgt,eng,2015-06-04,"Los Angeles, CA",Country: USA State: CA County: Los Angeles City: Los Angeles,,City Directory Company,Historic City and Business & Phone Directories,1958,directory,1958/1959,Los Angeles Public Library
040428be-8b21-4de1-9b1e-3421068c0f1c/cl000000/20220701/00000009,https://rescarta.lapl.org/ResCarta-Web/jsp/RcWebImageViewer.jsp?doc_id=040428be-8b21-4de1-9b1e-3421068c0f1c/cl000000/20220701/00000009,"Granada Hills, Mission Hills, Sepulveda Telephone and Street Directory 1970",266,text,marcgt,eng,2022-07-01,,,,,Historic City and Business & Phone Directories,1970,directory,1970,Los Angeles Public Library
026bc4f2-52f9-4cbf-b1e4-12291b1cd6d0/LPU00000/LL000002/00000002,https://rescarta.lapl.org/ResCarta-Web/jsp/RcWebImageViewer.jsp?doc_id=026bc4f2-52f9-4cbf-b1e4-12291b1cd6d0/LPU00000/LL000002/00000002,"Los Angeles Street Address Directory, 1987, July",1236,text,LCSH,eng,2006-07-28,,Country: USA State: CA County: Los Angeles,Telephone Authority: LCSH,,Los Angeles Street - Reverse Directories,1987,Directories.,1987,Los Angeles Public Library
